Plant ID,SR#,LOCATIONS,GOOGLE LOCATION,Latitude,Longitude,Coordinate basis,Technology (from sheet title)
UMAR-DE510F95,1,007 JB CHAK NEAR UNION COUNCIL UC11,"https://www.google.com/maps/place/Chak+Number+7+JB+Panjwar+Chak+7+Jb,+Faisalabad,+Punjab/@31.4856965,73.064542,618m/data=!3m2!1e3!4b1!4m6!3m5!1s0x392241f5517aeb7d:0x9b22cf87762726d5!8m2!3d31.4856965!4d73.064542!16s%2Fg%2F11hbkppj1w?entry=ttu&g_ep=EgoyMDI0MTIxMS4wIKXMDSoJLDEwMjExMjM0SAFQAw%3D%3D",31.4856965,73.064542,Place pin in the Google Maps link,RO
UMAR-AA4B851D,2,"042 MARRAR SANGLA HILL SHAHKOT ROAD ","https://www.google.com/maps/place/Morar,+Nankana+Sahib,+Punjab/@31.6725568,73.4089928,1233m/data=!3m2!1e3!4b1!4m6!3m5!1s0x39220baee62ca16d:0x353a7724b063e517!8m2!3d31.67166!4d73.4106543!16s%2Fg%2F1tf68fw5?entry=ttu&g_ep=EgoyMDI0MTIxMS4wIKXMDSoJLDEwMjExMjM0SAFQAw%3D%3D",31.67166,73.4106543,Place pin in the Google Maps link,RO
UMAR-8760DE14,3,055 JB BABA BAKALAH,"https://www.google.com/maps/place/21%C2%B028'24.6%22N+80%C2%B011'36.6%22E/@21.4734986,80.1909167,674m/data=!3m2!1e3!4b1!4m4!3m3!8m2!3d21.4734986!4d80.1934916?hl=en&entry=ttu&g_ep=EgoyMDI0MTIxMS4wIKXMDSoJLDEwMjExMjM0SAFQAw%3D%3D",21.4734986,80.1934916,Place pin in the Google Maps link,RO
UMAR-4A0259E8,4,068 JB GIRLS SCHOOL LILLAN NEAR SADHAR BY PASS JHANG ROAD,"https://www.google.com/maps/place/31%C2%B022'35.9%22N+72%C2%B055'06.3%22E/@31.3766412,72.9158399,618m/data=!3m2!1e3!4b1!4m4!3m3!8m2!3d31.3766412!4d72.9184148?hl=en&entry=ttu&g_ep=EgoyMDI0MTIxMS4wIKXMDSoJLDEwMjExMjM0SAFQAw%3D%3D",31.3766412,72.9184148,Place pin in the Google Maps link,RO
UMAR-E05448E0,5,075 GB SATIYANA ROAD,"https://www.google.com/maps/place/31%C2%B018'14.9%22N+73%C2%B010'05.6%22E/@31.3041486,73.1656321,619m/data=!3m2!1e3!4b1!4m4!3m3!8m2!3d31.3041486!4d73.168207?hl=en&entry=ttu&g_ep=EgoyMDI0MTIxMS4wIKXMDSoJLDEwMjExMjM0SAFQAw%3D%3D",31.3041486,73.168207,Place pin in the Google Maps link,RO
UMAR-3EF52B7F,6,"076 GB AISHA COLLEGE ",,,,No link,RO
UMAR-1F28D4AE,7,104 RB JARRAN WALA,,,,No link,RO
UMAR-91AE7508,8,161 SHMALI JHAMRA TAHSIL SILLAN WALI DISTRICT SARGODHA,"https://www.google.com/maps/place/31%C2%B038'10.1%22N+72%C2%B015'58.4%22E/@31.6361421,72.2636586,617m/data=!3m2!1e3!4b1!4m4!3m3!8m2!3d31.6361421!4d72.2662335?hl=en&entry=ttu&g_ep=EgoyMDI0MTIxMS4wIKXMDSoJLDEwMjExMjM0SAFQAw%3D%3D",31.6361421,72.2662335,Place pin in the Google Maps link,RO
UMAR-1B49A849,9,"162 SHMALI TAHSIL SILLAN WALI DISTRICT SARGODHA ","https://www.google.com/maps/place/31%C2%B038'28.7%22N+72%C2%B018'16.7%22E/@31.6413071,72.3020546,617m/data=!3m2!1e3!4b1!4m4!3m3!8m2!3d31.6413071!4d72.3046295?hl=en&entry=ttu&g_ep=EgoyMDI0MTIxMS4wIKXMDSoJLDEwMjExMjM0SAFQAw%3D%3D",31.6413071,72.3046295,Place pin in the Google Maps link,RO
UMAR-755EE85B,10,163 SHMALI TAHSIL SILLAN WALI DISTRICT SARGODHA,"https://www.google.com/maps/place/31%C2%B036'18.9%22N+72%C2%B014'41.5%22E/@31.6051499,72.2445464,65m/data=!3m1!1e3!4m4!3m3!8m2!3d31.6052393!4d72.244851?hl=en&entry=ttu&g_ep=EgoyMDI0MTIxMS4wIKXMDSoJLDEwMjExMjM0SAFQAw%3D%3D",31.6052393,72.244851,Place pin in the Google Maps link,RO
UMAR-8662F377,11,164  SHMALI TAHSIL SILLAN WALI DISTRICT SARGODHA,"https://www.google.com/maps/place/31%C2%B034'58.8%22N+72%C2%B015'00.3%22E/@31.5829893,72.2475137,617m/data=!3m2!1e3!4b1!4m4!3m3!8m2!3d31.5829893!4d72.2500886?hl=en&entry=ttu&g_ep=EgoyMDI0MTIxMS4wIKXMDSoJLDEwMjExMjM0SAFQAw%3D%3D",31.5829893,72.2500886,Place pin in the Google Maps link,RO
UMAR-59691C4E,12,194 RB LATHIAN WALA,,,,No link,RO
UMAR-41E9DEF3,13,200 RB LATHIAN WALA,,,,No link,RO
UMAR-32024E7A,14,202 RB KACHI ABADI,"https://www.google.com/maps/place/31%C2%B027'54.0%22N+73%C2%B006'47.2%22E/@31.4650073,73.1105487,618m/data=!3m2!1e3!4b1!4m4!3m3!8m2!3d31.4650073!4d73.1131236?hl=en&entry=ttu&g_ep=EgoyMDI0MTIxMS4wIKXMDSoJLDEwMjExMjM0SAFQAw%3D%3D",31.4650073,73.1131236,Place pin in the Google Maps link,RO
UMAR-0E387ECF,15,204 CHAK BOYS HIGH SCHOOL,"https://www.google.com/maps/place/Union+council+Manawala/@31.4596817,73.1501326,109m/data=!3m1!1e3!4m6!3m5!1s0x3922693ff6e37695:0xba117b5436ecbb25!8m2!3d31.4597749!4d73.1497866!16s%2Fg%2F11p08qjzjm?hl=en&entry=ttu&g_ep=EgoyMDI0MTIxMS4wIKXMDSoJLDEwMjExMjM0SAFQAw%3D%3D",31.4597749,73.1497866,Place pin in the Google Maps link,RO
UMAR-223D7F7B,16,209 RB GOVT BOYS SCHOOL,"https://www.google.com/maps/place/31%C2%B024'50.0%22N+73%C2%B004'24.7%22E/@31.4138786,73.0709595,618m/data=!3m2!1e3!4b1!4m4!3m3!8m2!3d31.4138786!4d73.0735344?hl=en&entry=ttu&g_ep=EgoyMDI0MTIxMS4wIKXMDSoJLDEwMjExMjM0SAFQAw%3D%3D",31.4138786,73.0735344,Place pin in the Google Maps link,RO
UMAR-008384C3,17,224 FATEH DIN PARK,"https://www.google.com/maps?q=31.371881,73.084128&entry=gps&g_ep=CAESBzI0LjQ5LjYYACCenQoqfiw5NDIyMzI5OSw5NDIxNjQxMyw5NDIxMjQ5Niw5NDIwNzM5NCw5NDIwNzUwNiw5NDIwODUwNiw5NDIxNzUyMyw5NDIxODY1Myw5NDIyODIwNCw5NDIyOTgzOSw5NDIzOTEyNyw0NzA4NzExOCw0NzA4NDM5Myw5NDIxMzIwMEICUEs%3D&shorturl=1",31.371881,73.084128,Dropped pin in the Google Maps link,RO
UMAR-A31D2527,18,"225 MALKHANWALA BABA FAREED DARBAR ",,,,No link,RO
UMAR-1F90FC5D,19,229 RB DARBAR,,,,No link,RO
UMAR-686CB12A,20,243 RB JHOK KHARLAN,,,,No link,RO
UMAR-605232F7,21,279 KHURD NEAR WASA TENKI,"https://www.google.com/maps/place/Chak+279+Rb+Khurd,+Faisalabad,+Punjab/@31.4253772,73.0335966,184m/data=!3m1!1e3!4m6!3m5!1s0x3922431b4ba0b0ad:0x8f4ab3233bfe5ef9!8m2!3d31.4253521!4d73.033405!16s%2Fg%2F11gfh_sxhz?entry=ttu&g_ep=EgoyMDI0MTIxMS4wIKXMDSoJLDEwMjExMjM0SAFQAw%3D%3D",31.4253521,73.033405,Place pin in the Google Maps link,RO
UMAR-55CFD0F3,22,289 RB ARORRI BLOCHAN,,,,No link,RO
UMAR-340C324B,23,392 GB DERA HYAAT KHAN KHYALIKA TANDLIANWALA,,,,No link,RO
UMAR-ED1889AC,24,396 GB ARORRAN TANDLIANWALA,"https://www.google.com/maps/place/30%C2%B058'38.1%22N+73%C2%B001'02.0%22E/@30.9759483,73.0151571,1044m/data=!3m1!1e3!4m4!3m3!8m2!3d30.977247!4d73.017208?entry=ttu&g_ep=EgoyMDI0MTIxMS4wIKXMDSoJLDEwMjExMjM0SAFQAw%3D%3D",30.977247,73.017208,Place pin in the Google Maps link,RO
UMAR-F85995F1,25,"410 GB TANDLIANWALA ","https://www.google.com/maps/place/31%C2%B001'01.3%22N+73%C2%B005'52.7%22E/@31.0170242,73.0953875,621m/data=!3m2!1e3!4b1!4m4!3m3!8m2!3d31.0170242!4d73.0979624?hl=en&entry=ttu&g_ep=EgoyMDI0MTIxMS4wIKXMDSoJLDEwMjExMjM0SAFQAw%3D%3D",31.0170242,73.0979624,Place pin in the Google Maps link,RO
UMAR-9BDC17EC,26,"449 GB CHAK GUJJRAN TANDLIANWALA ","https://www.google.com/maps/place/Jaima+Masjid/@31.0044752,73.0013508,39m/data=!3m1!1e3!4m15!1m8!3m7!1s0x3922f1fba90ac015:0x56c135b49b9af99d!2sKanjwani+Rd,+Faisalabad,+Punjab,+Pakistan!3b1!8m2!3d30.9898315!4d72.9654461!16s%2Fg%2F11dfgnjbws!3m5!1s0x3922edaf74ba04d9:0x1eb126dbb47e5d6d!8m2!3d31.0044752!4d73.001438!16s%2Fg%2F11pz2_5_kj?",30.9898315,72.9654461,Place pin in the Google Maps link,RO
UMAR-E1F2CBFE,27,452 GB COMMUNITY CENTRE MANDI RAHM E SHAH TANDLIANWALA,,,,No link,RO
UMAR-DC47E9ED,28,452 GB GOVT GIRLS HIGH SECONADRY SCHOOL RAHM E SHAH TANDLIANWALA,,,,No link,RO
UMAR-8DB20979,29,452 GB JAMSHED MARKET  MANDI RAHM E SHAH TANDLIANWALA,,,,No link,RO
UMAR-71EABAE1,30,491 GB MAMU KANJAN,,,,No link,RO
UMAR-64CA2655,31,544 GB DANABAD NEAR KANJWANI SUGAR MILL TANDLIANWALA,"https://www.google.com/maps/place/@30.8957827,72.9101824,39m/data=!3m1!1e3!4m6!1m5!3m4!2zMzDCsDUzJzQ0LjgiTiA3MsKwNTQnMzYuOSJF!8m2!3d30.8957892!4d72.9102468?hl=en&entry=ttu&g_ep=EgoyMDI0MTIxMS4wIKXMDSoJLDEwMjExMjM0SAFQAw%3D%3D",30.8957892,72.9102468,Place pin in the Google Maps link,RO
UMAR-1CDC8B76,32,"A V MODERN SCHOOL ","https://www.google.com/maps/place/31%C2%B024'22.0%22N+73%C2%B006'50.8%22E/@31.4061208,73.1115473,618m/data=!3m2!1e3!4b1!4m4!3m3!8m2!3d31.4061208!4d73.1141222?hl=en&entry=ttu&g_ep=EgoyMDI0MTIxMS4wIKXMDSoJLDEwMjExMjM0SAFQAw%3D%3D",31.4061208,73.1141222,Place pin in the Google Maps link,RO
UMAR-298F02A3,33,ABADI HAJI JAN MUHAMMAD MOZA THATHA BAIG TANDLIANWALA,,,,No link,RO
UMAR-464E5D0C,34,ALA ABAD DERA SALMAN BARI,,,,No link,RO
UMAR-74637060,35,ALLAMA IQBAL COLONY D TYPE ROAD,"https://www.google.com/maps/place/31%C2%B023'08.5%22N+73%C2%B004'47.4%22E/@31.385684,73.0772521,618m/data=!3m2!1e3!4b1!4m4!3m3!8m2!3d31.385684!4d73.079827?entry=ttu&g_ep=EgoyMDI0MTIxMS4wIKXMDSoJLDEwMjExMjM0SAFQAw%3D%3D",31.385684,73.079827,Place pin in the Google Maps link,RO
UMAR-592C27ED,36,"ALLIED HOSPITAL ","https://www.google.com/maps/place/Department+of+Ophthalmology/@31.4496217,73.0805009,65m/data=!3m1!1e3!4m12!1m5!3m4!2zMzHCsDIzJzA4LjUiTiA3M8KwMDQnNDcuNCJF!8m2!3d31.3856944!4d73.0798333!3m5!1s0x3922427bebb68dbf:0x448a5c3abc90eec3!8m2!3d31.4497347!4d73.0806018!16s%2Fg%2F1thmjd0l?entry=ttu&g_ep=EgoyMDI0MTIxMS4wIKXMDSoJLDEwMjExMjM0SAFQAw%3D%3D",31.3856944,73.0798333,Place pin in the Google Maps link,RO
UMAR-EE32C4B3,37,AMIN ABAD NEAR AMINIA MOSQUE,"https://www.google.com/maps/place/31%C2%B023'39.3%22N+73%C2%B004'23.5%22E/@31.3941802,73.0716808,309m/data=!3m1!1e3!4m4!3m3!8m2!3d31.3942538!4d73.0731914?hl=en&entry=ttu&g_ep=EgoyMDI0MTIxMS4wIKXMDSoJLDEwMjExMjM0SAFQAw%3D%3D",31.3942538,73.0731914,Place pin in the Google Maps link,RO
UMAR-A3AB114B,38,AMIN TOWN OPPOSIT CIRCUL CLUB,"https://www.google.com/maps/place/31%C2%B026'47.2%22N+73%C2%B007'23.8%22E/@31.4463358,73.1229888,109m/data=!3m1!1e3!4m4!3m3!8m2!3d31.446452!4d73.123288?entry=ttu&g_ep=EgoyMDI0MTIxMS4wIKXMDSoJLDEwMjExMjM0SAFQAw%3D%3D",31.446452,73.123288,Place pin in the Google Maps link,RO
UMAR-76D9C2CA,39,"ANSAR Y MADINA MASJID MODEL TOWN A BLOCK ","https://www.google.com/maps/place/@31.4202985,73.070234,686m/data=!3m1!1e3!4m6!1m5!3m4!2zMzHCsDI1JzEzLjEiTiA3M8KwMDQnMjIuMSJF!8m2!3d31.4202985!4d73.0728089?hl=en&entry=ttu&g_ep=EgoyMDI1MTAxNC4wIKXMDSoASAFQAw%3D%3D",31.4202985,73.0728089,Place pin in the Google Maps link,RO
UMAR-148E0CB1,40,AWAN WALA GHOSIA QADRIA MASJID,"https://www.google.com/maps/place/31%C2%B021'31.5%22N+73%C2%B009'20.6%22E/@31.3587411,73.1531371,618m/data=!3m2!1e3!4b1!4m4!3m3!8m2!3d31.3587411!4d73.155712?hl=en&entry=ttu&g_ep=EgoyMDI0MTIxMS4wIKXMDSoJLDEwMjExMjM0SAFQAw%3D%3D",31.3587411,73.155712,Place pin in the Google Maps link,RO
UMAR-87074BBF,41,AWAN WALA GULSHON-E-BAHAR-E-MADINA MASJID,"https://www.google.com/maps/place/31%C2%B021'34.4%22N+73%C2%B009'13.0%22E/@31.3595625,73.1510374,618m/data=!3m2!1e3!4b1!4m4!3m3!8m2!3d31.3595625!4d73.1536123?hl=en&entry=ttu&g_ep=EgoyMDI0MTIxMS4wIKXMDSoJLDEwMjExMjM0SAFQAw%3D%3D",31.3595625,73.1536123,Place pin in the Google Maps link,RO
UMAR-721B387F,42,"AYUB COLONY NEAR BOYS HIGH SCHOOL ","https://www.google.com/maps/place/C356%2BF4P,+Ayub+Colony+Faisalabad,+Punjab/data=!4m2!3m1!1s0x392242c645d78901:0x1559d2a27877b296?utm_source=mstt_1&entry=gps&coh=192189&g_ep=CAESBzI0LjQ5LjYYACDXggMqfiw5NDIyMzI5OSw5NDIxNjQxMyw5NDIxMjQ5Niw5NDIwNzM5NCw5NDIwNzUwNiw5NDIwODUwNiw5NDIxNzUyMyw5NDIxODY1Myw5NDIyODIwNCw5NDIyOTgzOSw5NDIzOTEyNyw0NzA4NzExOCw0NzA4NDM5Myw5NDIxMzIwMEICUEs%3D",,,No coordinates in the link,RO
UMAR-755F374F,43,BABA FAREED ROAD NEAR JAMIYA MASJID MUHAMMADI,"https://www.google.com/maps/place/31%C2%B024'56.9%22N+73%C2%B008'39.5%22E/@31.4158166,73.1417198,618m/data=!3m2!1e3!4b1!4m4!3m3!8m2!3d31.4158166!4d73.1442947?hl=en&entry=ttu&g_ep=EgoyMDI0MTIxMS4wIKXMDSoJLDEwMjExMjM0SAFQAw%3D%3D",31.4158166,73.1442947,Place pin in the Google Maps link,RO
UMAR-B3AD8A73,44,"BABU ISMAIL DISPENCERY AMNAN TOWN MAIN BAZAR ","https://www.google.com/maps/place/31%C2%B023'00.0%22N+73%C2%B003'10.0%22E/@31.3833326,73.0501991,618m/data=!3m2!1e3!4b1!4m4!3m3!8m2!3d31.3833326!4d73.052774?hl=en&entry=ttu&g_ep=EgoyMDI0MTIxMS4wIKXMDSoJLDEwMjExMjM0SAFQAw%3D%3D",31.3833326,73.052774,Place pin in the Google Maps link,RO
UMAR-DA72FF1F,45,BAHU WALA STREET 21  KHATAM E NABOWAT MOSQUE,"https://www.google.com/maps/place/31%C2%B024'08.8%22N+73%C2%B000'57.8%22E/@31.4024218,73.015726,77m/data=!3m1!1e3!4m4!3m3!8m2!3d31.4024496!4d73.0160419?hl=en&entry=ttu&g_ep=EgoyMDI0MTIxMS4wIKXMDSoJLDEwMjExMjM0SAFQAw%3D%3D",31.4024496,73.0160419,Place pin in the Google Maps link,RO
UMAR-F619DD7B,46,BAKAR MANDI PLANT,"https://www.google.com/maps/place/31%C2%B024'56.6%22N+73%C2%B003'26.8%22E/@31.4155785,73.0573134,77m/data=!3m1!1e3!4m4!3m3!8m2!3d31.4157179!4d73.0574355?hl=en&entry=ttu&g_ep=EgoyMDI0MTIxMS4wIKXMDSoJLDEwMjExMjM0SAFQAw%3D%3D",31.4157179,73.0574355,Place pin in the Google Maps link,RO
UMAR-6F29CB10,47,BARA QABRISTAN  NARWALA ROAD,"https://www.google.com/maps/place/Narwala+Rd,+Faisalabad,+Punjab/@31.4321604,73.0460247,618m/data=!3m2!1e3!4b1!4m6!3m5!1s0x392242ec37423b7f:0x1aa3262e381dba92!8m2!3d31.4321604!4d73.0460247!16s%2Fg%2F1tsyn51n?entry=ttu&g_ep=EgoyMDI0MTIxMS4wIKXMDSoJLDEwMjExMjM0SAFQAw%3D%3D",31.4321604,73.0460247,Place pin in the Google Maps link,RO
UMAR-BEC3F802,48,BARA SHER SINGH BOYS ELEMENTRY SCHOOL,"https://www.google.com/maps/place/Bara+Shair+Sing+Wala+Rd,+Faisalabad,+Punjab/data=!4m2!3m1!1s0x392243140d9645ff:0xf2a9d32b774ba674?utm_source=mstt_1&entry=gps&coh=192189&g_ep=CAESBzI0LjQ5LjYYACDXggMqfiw5NDIyMzI5OSw5NDIxNjQxMyw5NDIxMjQ5Niw5NDIwNzM5NCw5NDIwNzUwNiw5NDIwODUwNiw5NDIxNzUyMyw5NDIxODY1Myw5NDIyODIwNCw5NDIyOTgzOSw5NDIzOTEyNyw0NzA4NzExOCw0NzA4NDM5Myw5NDIxMzIwMEICUEs%3D",,,No coordinates in the link,RO
UMAR-48DF8E29,49,BATALA COLONY NEAR RABIA TRUST HOSPITAL,"https://www.google.com/maps/place/31%C2%B024'12.6%22N+73%C2%B006'01.0%22E/@31.4034977,73.0977097,618m/data=!3m2!1e3!4b1!4m4!3m3!8m2!3d31.4034977!4d73.1002846?hl=en&entry=ttu&g_ep=EgoyMDI0MTIxMS4wIKXMDSoJLDEwMjExMjM0SAFQAw%3D%3D",31.4034977,73.1002846,Place pin in the Google Maps link,RO
UMAR-DD86733D,50,"BISMILLAH PARK SAMAN ABAD BLOCK 36 ","https://www.google.com/maps/place/31%C2%B023'16.5%22N+73%C2%B003'46.6%22E/@31.3879213,73.0603647,618m/data=!3m2!1e3!4b1!4m4!3m3!8m2!3d31.3879213!4d73.0629396?hl=en&entry=ttu&g_ep=EgoyMDI0MTIxMS4wIKXMDSoJLDEwMjExMjM0SAFQAw%3D%3D",31.3879213,73.0629396,Place pin in the Google Maps link,RO
UMAR-8CBBE7E9,51,CENTRAL JAIL JARHANWALA ROAD,"https://www.google.com/maps/place/Central+Jail/@31.38782,73.1753093,2079m/data=!3m1!1e3!4m14!1m7!3m6!1s0x392265df9a7f22f9:0x4b55bfb39de282dd!2sCentral+Jail!8m2!3d31.388158!4d73.1828997!16s%2Fm%2F0dgsjb0!3m5!1s0x392265df9a7f22f9:0x4b55bfb39de282dd!8m2!3d31.388158!4d73.1828997!16s%2Fm%2F0dgsjb0?hl=en&entry=ttu&g_ep=EgoyMDI0MTIxMS4wIKXMDSoJLDEwMjExMjM0SAFQAw%3D%3D",31.388158,73.1828997,Place pin in the Google Maps link,RO
UMAR-8CBBE7E9-2,52,CENTRAL JAIL JARHANWALA ROAD,"https://www.google.com/maps/place/Central+Jail/@31.38782,73.1753093,2079m/data=!3m1!1e3!4m14!1m7!3m6!1s0x392265df9a7f22f9:0x4b55bfb39de282dd!2sCentral+Jail!8m2!3d31.388158!4d73.1828997!16s%2Fm%2F0dgsjb0!3m5!1s0x392265df9a7f22f9:0x4b55bfb39de282dd!8m2!3d31.388158!4d73.1828997!16s%2Fm%2F0dgsjb0?hl=en&entry=ttu&g_ep=EgoyMDI0MTIxMS4wIKXMDSoJLDEwMjExMjM0SAFQAw%3D%3D",31.388158,73.1828997,Place pin in the Google Maps link,RO
UMAR-8CBBE7E9-3,53,CENTRAL JAIL JARHANWALA ROAD,"https://www.google.com/maps/place/Central+Jail/@31.38782,73.1753093,2079m/data=!3m1!1e3!4m14!1m7!3m6!1s0x392265df9a7f22f9:0x4b55bfb39de282dd!2sCentral+Jail!8m2!3d31.388158!4d73.1828997!16s%2Fm%2F0dgsjb0!3m5!1s0x392265df9a7f22f9:0x4b55bfb39de282dd!8m2!3d31.388158!4d73.1828997!16s%2Fm%2F0dgsjb0?hl=en&entry=ttu&g_ep=EgoyMDI0MTIxMS4wIKXMDSoJLDEwMjExMjM0SAFQAw%3D%3D",31.388158,73.1828997,Place pin in the Google Maps link,RO
UMAR-8CBBE7E9-4,54,CENTRAL JAIL JARHANWALA ROAD,"https://www.google.com/maps/place/Central+Jail/@31.38782,73.1753093,2079m/data=!3m1!1e3!4m14!1m7!3m6!1s0x392265df9a7f22f9:0x4b55bfb39de282dd!2sCentral+Jail!8m2!3d31.388158!4d73.1828997!16s%2Fm%2F0dgsjb0!3m5!1s0x392265df9a7f22f9:0x4b55bfb39de282dd!8m2!3d31.388158!4d73.1828997!16s%2Fm%2F0dgsjb0?hl=en&entry=ttu&g_ep=EgoyMDI0MTIxMS4wIKXMDSoJLDEwMjExMjM0SAFQAw%3D%3D",31.388158,73.1828997,Place pin in the Google Maps link,RO
UMAR-8CBBE7E9-5,55,CENTRAL JAIL JARHANWALA ROAD,"https://www.google.com/maps/place/Central+Jail/@31.38782,73.1753093,2079m/data=!3m1!1e3!4m14!1m7!3m6!1s0x392265df9a7f22f9:0x4b55bfb39de282dd!2sCentral+Jail!8m2!3d31.388158!4d73.1828997!16s%2Fm%2F0dgsjb0!3m5!1s0x392265df9a7f22f9:0x4b55bfb39de282dd!8m2!3d31.388158!4d73.1828997!16s%2Fm%2F0dgsjb0?hl=en&entry=ttu&g_ep=EgoyMDI0MTIxMS4wIKXMDSoJLDEwMjExMjM0SAFQAw%3D%3D",31.388158,73.1828997,Place pin in the Google Maps link,RO
UMAR-8CBBE7E9-6,56,CENTRAL JAIL JARHANWALA ROAD,"https://www.google.com/maps/place/Central+Jail/@31.38782,73.1753093,2079m/data=!3m1!1e3!4m14!1m7!3m6!1s0x392265df9a7f22f9:0x4b55bfb39de282dd!2sCentral+Jail!8m2!3d31.388158!4d73.1828997!16s%2Fm%2F0dgsjb0!3m5!1s0x392265df9a7f22f9:0x4b55bfb39de282dd!8m2!3d31.388158!4d73.1828997!16s%2Fm%2F0dgsjb0?hl=en&entry=ttu&g_ep=EgoyMDI0MTIxMS4wIKXMDSoJLDEwMjExMjM0SAFQAw%3D%3D",31.388158,73.1828997,Place pin in the Google Maps link,RO
UMAR-59FB426C,57,"CHAK NO 260 RB WAHEELA PENSRA ROAD NEAR GURUSAR , DIJKOT",,,,No link,RO
UMAR-3C7CB297,58,"CHAK NO 269 RB BARAN , DIJKOT",,,,No link,RO
UMAR-06E1BF1D,59,CHILDREN HOSPITAL EMERGENCY JHANG ROAD,,,,No link,RO
UMAR-B36064E7,60,CHILDREN HOSPITAL OPD JHANG ROAD,,,,No link,RO
UMAR-0C38FA7A,61,CHINYOT ROAD JHUMRA,,,,No link,RO
UMAR-C14CB75D,62,CHISTIA PARK ST# 01,,,,No link,RO
UMAR-EFF598E3,63,"CIVIL HOSPITAL ","https://www.google.com/maps/place/31%C2%B025'18.7%22N+73%C2%B005'38.8%22E/@31.4214881,73.0933194,309m/data=!3m1!1e3!4m4!3m3!8m2!3d31.4218491!4d73.0941167?hl=en&entry=ttu&g_ep=EgoyMDI0MTIxMS4wIKXMDSoJLDEwMjExMjM0SAFQAw%3D%3D",31.4218491,73.0941167,Place pin in the Google Maps link,RO
UMAR-1EC572C6,64,COMMERCE COLLEGE PEOPLES COLONY NO 1,,,,No link,RO
UMAR-526F3D91,65,CTO OFFICE,"https://www.google.com/maps/place/31%C2%B025'18.2%22N+73%C2%B004'58.3%22E/@31.4217297,73.0802772,618m/data=!3m2!1e3!4b1!4m4!3m3!8m2!3d31.4217297!4d73.0828521?hl=en&entry=ttu&g_ep=EgoyMDI0MTIxMS4wIKXMDSoJLDEwMjExMjM0SAFQAw%3D%3D",31.4217297,73.0828521,Place pin in the Google Maps link,RO
UMAR-071DDB37,66,D C OFFICE FAISALABAD,"https://www.google.com/maps/place/Dream+Stores/@31.4250914,73.0808489,154m/data=!3m1!1e3!4m6!3m5!1s0x3922439d76ff117b:0xfda8ff48a8cb9878!8m2!3d31.4251632!4d73.0810782!16s%2Fg%2F11sk3l0g7y?entry=ttu&g_ep=EgoyMDI0MTIxMS4wIKXMDSoJLDEwMjExMjM0SAFQAw%3D%3D",31.4251632,73.0810782,Place pin in the Google Maps link,RO
UMAR-99BE41E6,67,D TYPE POST GRAGUAT WOWMEN COLLAGE,"https://www.google.com/maps/place/31%C2%B022'28.3%22N+73%C2%B004'51.9%22E/@31.3745167,73.0785035,618m/data=!3m2!1e3!4b1!4m4!3m3!8m2!3d31.3745167!4d73.0810784?hl=en&entry=ttu&g_ep=EgoyMDI0MTIxMS4wIKXMDSoJLDEwMjExMjM0SAFQAw%3D%3D",31.3745167,73.0810784,Place pin in the Google Maps link,RO
UMAR-5D651A05,68,D TYPE PULL OPPOSIT BATA SHOP,"https://www.google.com/maps/place/31%C2%B023'03.5%22N+73%C2%B004'20.3%22E/@31.3843087,73.0697309,618m/data=!3m2!1e3!4b1!4m4!3m3!8m2!3d31.3843087!4d73.0723058?hl=en&entry=ttu&g_ep=EgoyMDI0MTIxMS4wIKXMDSoJLDEwMjExMjM0SAFQAw%3D%3D",31.3843087,73.0723058,Place pin in the Google Maps link,RO
UMAR-28C5A2AF,69,DANIAL TOWN MOSQUE ALI UL MURTAZA,"https://www.google.com/maps/place/31%C2%B022'55.5%22N+73%C2%B006'58.4%22E/@31.382069,73.1136529,618m/data=!3m2!1e3!4b1!4m4!3m3!8m2!3d31.382069!4d73.1162278?hl=en&entry=ttu&g_ep=EgoyMDI0MTIxMS4wIKXMDSoJLDEwMjExMjM0SAFQAw%3D%3D",31.382069,73.1162278,Place pin in the Google Maps link,RO
UMAR-CE5519A4,70,"DARBAR BABA SHER SHAH WARD NO 11 , DIJKOT",,,,No link,RO
UMAR-B2658773,71,DC OFFICE NEAR TEHSEEL CHOK CHINYOT,"https://www.google.com/maps/search/Tehsil+Chowk/@31.7213693,72.9826035,616m/data=!3m1!1e3?hl=en&entry=ttu&g_ep=EgoyMDI0MTIxMS4wIKXMDSoJLDEwMjExMjM0SAFQAw%3D%3D",,,Not used: the link only gives the map view centre,RO
UMAR-4ECA08A9,72,DHUDHI WALA JANAZ GAH JARAN WALA ROAD,"https://www.google.com/maps/place/31%C2%B024'06.9%22N+73%C2%B007'57.5%22E/@31.4019173,73.1300662,618m/data=!3m2!1e3!4b1!4m4!3m3!8m2!3d31.4019173!4d73.1326411?hl=en&entry=ttu&g_ep=EgoyMDI0MTIxMS4wIKXMDSoJLDEwMjExMjM0SAFQAw%3D%3D",31.4019173,73.1326411,Place pin in the Google Maps link,RO
UMAR-304CE5CF,73,DISTRICT COUNCIL,"https://www.google.com/maps/place/Civil+Lines,+Faisalabad,+Punjab/@31.4234507,73.0832636,618m/data=!3m2!1e3!4b1!4m6!3m5!1s0x3922429f225c99c5:0xeedf6c59b5cc58f6!8m2!3d31.4234507!4d73.0832636!16s%2Fg%2F11c2w6ss5r?entry=ttu&g_ep=EgoyMDI0MTIxMS4wIKXMDSoJLDEwMjExMjM0SAFQAw%3D%3D",31.4234507,73.0832636,Place pin in the Google Maps link,RO
UMAR-9685350C,74,DOLPHINE HEADQUATERS GHULAM ABAD,"https://www.google.com/maps/place/31%C2%B026'18.9%22N+73%C2%B002'32.4%22E/@31.4385806,73.0397461,618m/data=!3m2!1e3!4b1!4m4!3m3!8m2!3d31.4385806!4d73.042321?hl=en&entry=ttu&g_ep=EgoyMDI0MTIxMS4wIKXMDSoJLDEwMjExMjM0SAFQAw%3D%3D",31.4385806,73.042321,Place pin in the Google Maps link,RO
UMAR-5D8493DD,75,EID GAH ROAD CIVIL QUARTERS,"https://www.google.com/maps/place/31%C2%B025'19.5%22N+73%C2%B004'28.6%22E/@31.4218241,73.0743351,77m/data=!3m1!1e3!4m4!3m3!8m2!3d31.4220762!4d73.0746034?hl=en&entry=ttu&g_ep=EgoyMDI0MTIxMS4wIKXMDSoJLDEwMjExMjM0SAFQAw%3D%3D",31.4220762,73.0746034,Place pin in the Google Maps link,RO
UMAR-265B603E,76,FACTORY AREA  POLICE STATION,"https://www.google.com/maps/place/31%C2%B024'09.9%22N+73%C2%B004'37.4%22E/@31.4026518,73.0766177,109m/data=!3m1!1e3!4m4!3m3!8m2!3d31.40276!4d73.07705?hl=en&entry=ttu&g_ep=EgoyMDI0MTIxMS4wIKXMDSoJLDEwMjExMjM0SAFQAw%3D%3D",31.40276,73.07705,Place pin in the Google Maps link,RO
UMAR-69ADECC4,77,FARMHOUSE YASEEN SB,,,,No link,RO
UMAR-90689C09,78,FAROOQIA PARK E BLOCK SIR SYED TOWN,,,,No link,RO
UMAR-16B7D006,79,"FOJI CHOWK MAIN D-TYPE ROAD ","https://www.google.com/maps/place/D+Type+Colony,+Faisalabad,+Punjab,+Pakistan/@31.3800688,73.078282,184m/data=!3m1!1e3!4m6!3m5!1s0x39225d5c10f41ca7:0x103bb6c70a8f075!8m2!3d31.3801807!4d73.0774202!16s%2Fg%2F1tnpjdbr?entry=ttu&g_ep=EgoyMDI0MTIxMS4wIKXMDSoJLDEwMjExMjM0SAFQAw%3D%3D",31.3801807,73.0774202,Place pin in the Google Maps link,RO
UMAR-1E4FC638,80,"GCWU  HOSTEL ","https://www.google.com/maps/place/31%C2%B025'05.0%22N+73%C2%B007'08.0%22E/@31.4180502,73.1163194,618m/data=!3m2!1e3!4b1!4m4!3m3!8m2!3d31.4180502!4d73.1188943?hl=en&entry=ttu&g_ep=EgoyMDI0MTIxMS4wIKXMDSoJLDEwMjExMjM0SAFQAw%3D%3D",31.4180502,73.1188943,Place pin in the Google Maps link,RO
UMAR-F23609D5,81,"GCWU BIOLOGY LABORATORY ","https://www.google.com/maps/place/31%C2%B025'05.0%22N+73%C2%B007'08.0%22E/@31.4180502,73.1163194,618m/data=!3m2!1e3!4b1!4m4!3m3!8m2!3d31.4180502!4d73.1188943?hl=en&entry=ttu&g_ep=EgoyMDI0MTIxMS4wIKXMDSoJLDEwMjExMjM0SAFQAw%3D%3D",31.4180502,73.1188943,Place pin in the Google Maps link,RO
UMAR-0DBBE1E3,82,GCWU CANTEEN,"https://www.google.com/maps/place/31%C2%B025'05.0%22N+73%C2%B007'08.0%22E/@31.4180502,73.1163194,618m/data=!3m2!1e3!4b1!4m4!3m3!8m2!3d31.4180502!4d73.1188943?hl=en&entry=ttu&g_ep=EgoyMDI0MTIxMS4wIKXMDSoJLDEwMjExMjM0SAFQAw%3D%3D",31.4180502,73.1188943,Place pin in the Google Maps link,RO
UMAR-B47E9C10,83,GCWU MASJID,"https://www.google.com/maps/place/31%C2%B025'05.0%22N+73%C2%B007'08.0%22E/@31.4180502,73.1163194,618m/data=!3m2!1e3!4b1!4m4!3m3!8m2!3d31.4180502!4d73.1188943?hl=en&entry=ttu&g_ep=EgoyMDI0MTIxMS4wIKXMDSoJLDEwMjExMjM0SAFQAw%3D%3D",31.4180502,73.1188943,Place pin in the Google Maps link,RO
UMAR-5E6B1F1A,84,GCWU SCINCE BLOCK,"https://www.google.com/maps/place/31%C2%B025'05.0%22N+73%C2%B007'08.0%22E/@31.4180502,73.1163194,618m/data=!3m2!1e3!4b1!4m4!3m3!8m2!3d31.4180502!4d73.1188943?hl=en&entry=ttu&g_ep=EgoyMDI0MTIxMS4wIKXMDSoJLDEwMjExMjM0SAFQAw%3D%3D",31.4180502,73.1188943,Place pin in the Google Maps link,RO
UMAR-547EF102,85,"GCWU WASA ","https://www.google.com/maps/place/31%C2%B025'05.0%22N+73%C2%B007'08.0%22E/@31.4180502,73.1163194,618m/data=!3m2!1e3!4b1!4m4!3m3!8m2!3d31.4180502!4d73.1188943?hl=en&entry=ttu&g_ep=EgoyMDI0MTIxMS4wIKXMDSoJLDEwMjExMjM0SAFQAw%3D%3D",31.4180502,73.1188943,Place pin in the Google Maps link,RO
UMAR-713AEACD,86,"GHOUSIA PARK NEAR OLD DISPOSAL WARD NO 8 , DIJKOT ",,,,No link,RO
UMAR-342C6246,87,GHREEB ABAD NEAR SHAFI CHOUK LAL MILL,"https://www.google.com/maps/place/Jamia+Masjid+Ghosia/@31.4111816,73.0893275,80m/data=!3m1!1e3!4m6!3m5!1s0x39226926b308a7e1:0xb8c1bf7cfab9ffa7!8m2!3d31.4110591!4d73.0892871!16s%2Fg%2F11nxbysq6f?hl=en&entry=ttu&g_ep=EgoyMDI0MTIxMS4wIKXMDSoJLDEwMjExMjM0SAFQAw%3D%3D",31.4110591,73.0892871,Place pin in the Google Maps link,RO
UMAR-DD374CAC,88,GOVT BOYS HIGER SECONDARY SCHOOL KOTOWALI ROAD,"https://www.google.com/maps/place/31%C2%B025'20.2%22N+73%C2%B004'38.8%22E/@31.4222869,73.0748661,618m/data=!3m2!1e3!4b1!4m4!3m3!8m2!3d31.4222869!4d73.077441?hl=en&entry=ttu&g_ep=EgoyMDI0MTIxMS4wIKXMDSoJLDEwMjExMjM0SAFQAw%3D%3D",31.4222869,73.077441,Place pin in the Google Maps link,RO
UMAR-996775F0,89,GOVT BOYS HIGH SCHOOL NEAR MANDIR ROAD CHINYOT,"https://www.google.com/maps/place/31%C2%B043'31.2%22N+72%C2%B059'06.5%22E/@31.7253342,72.9825723,616m/data=!3m2!1e3!4b1!4m4!3m3!8m2!3d31.7253342!4d72.9851472?hl=en&entry=ttu&g_ep=EgoyMDI0MTIxMS4wIKXMDSoJLDEwMjExMjM0SAFQAw%3D%3D",31.7253342,72.9851472,Place pin in the Google Maps link,RO
UMAR-FECADC73,90,GOVT BOYS ISLAMIA COLLEGE FAISALABAD ROAD NEAR TEHSEEL CHOK CHINYOT,"https://www.google.com/maps/search/Govt.+Islamia+College+Chiniot/@31.72033,72.991486,616m/data=!3m1!1e3?hl=en&entry=ttu&g_ep=EgoyMDI0MTIxMS4wIKXMDSoJLDEwMjExMjM0SAFQAw%3D%3D",,,Not used: the link only gives the map view centre,RO
UMAR-47705C54,91,GOVT CRECENT MODEL HIGHER SECONDARY SCHOOL,,,,No link,RO
UMAR-33CDD095,92,GOVT GHS AZAFI ABADI C BLOCK PEOPLES COLONY 2,,,,No link,RO
UMAR-7B188217,93,GOVT GIRLS  HIGHER SECONDARY SCHOOL JARHANWALA ROAD NEAR KOHINOOR,"https://www.google.com/maps/place/30%C2%B058'38.1%22N+73%C2%B001'02.0%22E/@30.9759483,73.0151571,1044m/data=!3m1!1e3!4m4!3m3!8m2!3d30.977247!4d73.017208?entry=ttu&g_ep=EgoyMDI0MTIxMS4wIKXMDSoJLDEwMjExMjM0SAFQAw%3D%3D",30.977247,73.017208,Place pin in the Google Maps link,RO
UMAR-9CE7B1FE,94,GOVT GIRLS DIGREE COLLEGE NEAR ALI HOSPITAL ROAD CHINYOT,"https://www.google.com/maps/place/31%C2%B043'20.2%22N+72%C2%B059'08.2%22E/@31.7222668,72.9830261,616m/data=!3m2!1e3!4b1!4m4!3m3!8m2!3d31.7222668!4d72.985601?hl=en&entry=ttu&g_ep=EgoyMDI0MTIxMS4wIKXMDSoJLDEwMjExMjM0SAFQAw%3D%3D",31.7222668,72.985601,Place pin in the Google Maps link,RO
UMAR-8111C78B,95,GOVT GIRLS ELEMENTARY SCHOOL AHMAD PURA CHINYOT,,,,No link,RO
UMAR-65E260BA,96,GOVT GIRLS ELEMENTARY SCHOOL NEAR MASKEEN PURA EID GAH ROAD CHINYOT,"https://www.google.com/maps/@31.7243287,72.9685323,616m/data=!3m1!1e3?hl=en&entry=ttu&g_ep=EgoyMDI0MTIxMS4wIKXMDSoJLDEwMjExMjM0SAFQAw%3D%3D",,,Not used: the link only gives the map view centre,RO
UMAR-1A874C12,97,GOVT GIRLS HIGH SCHOOL DARBAR PEER SHAH BURHAN CHINYOT,"https://www.google.com/maps/place/31%C2%B042'57.8%22N+72%C2%B058'24.8%22E/@31.7160639,72.9709761,616m/data=!3m2!1e3!4b1!4m4!3m3!8m2!3d31.7160639!4d72.973551?hl=en&entry=ttu&g_ep=EgoyMDI0MTIxMS4wIKXMDSoJLDEwMjExMjM0SAFQAw%3D%3D",31.7160639,72.973551,Place pin in the Google Maps link,RO
UMAR-BCA434DF,98,GOVT GIRLS HIGH SCHOOL MADRISSA TUL BINAAT NEAR DR AZEEZ ALI ROAD CHINYOT,"https://www.google.com/maps/place/31%C2%B043'08.1%22N+72%C2%B058'53.1%22E/@31.7189195,72.9788486,616m/data=!3m2!1e3!4b1!4m4!3m3!8m2!3d31.7189195!4d72.9814235?hl=en&entry=ttu&g_ep=EgoyMDI0MTIxMS4wIKXMDSoJLDEwMjExMjM0SAFQAw%3D%3D",31.7189195,72.9814235,Place pin in the Google Maps link,RO
UMAR-ED50BE30,99,GOVT GIRLS HIGH SCHOOL NEAR KACHEHRY ROAD CHINYOT,"https://www.google.com/maps/place/31%C2%B043'17.0%22N+72%C2%B058'56.5%22E/@31.7213806,72.9797955,616m/data=!3m2!1e3!4b1!4m4!3m3!8m2!3d31.7213806!4d72.9823704?hl=en&entry=ttu&g_ep=EgoyMDI0MTIxMS4wIKXMDSoJLDEwMjExMjM0SAFQAw%3D%3D",31.7213806,72.9823704,Place pin in the Google Maps link,RO
UMAR-E2C9B35A,100,GOVT GIRLS HIGH SCHOOL NEAR SATALITE TOWN HOCKEY GROUND ROAD CHINYOT,,,,No link,RO
UMAR-2A118D94,101,GOVT ISLAAH BOYS HIGH SCHOOL CHINYOT,,,,No link,RO
UMAR-37B30725,102,GOVT MC GM SCHOOL QASIM ABAD EASAR SINGH,,,,No link,RO
UMAR-DA36CE48,103,GOVT MC HIGH SCHOOL GULISTAN COLONY FSD,"https://www.google.com/maps/place/31%C2%B026'29.6%22N+73%C2%B006'15.4%22E/@31.4415646,73.1017116,618m/data=!3m2!1e3!4b1!4m4!3m3!8m2!3d31.4415646!4d73.1042865?hl=en&entry=ttu&g_ep=EgoyMDI0MTIxMS4wIKXMDSoJLDEwMjExMjM0SAFQAw%3D%3D",31.4415646,73.1042865,Place pin in the Google Maps link,RO
UMAR-D3A3501A,104,GOVT MUNCIPLE GRADUATE COLLAGE JARANWALA ROAD,"https://www.google.com/maps/place/31%C2%B025'05.7%22N+73%C2%B006'25.0%22E/@31.41826,73.1043568,618m/data=!3m2!1e3!4b1!4m4!3m3!8m2!3d31.41826!4d73.1069317?hl=en&entry=ttu&g_ep=EgoyMDI0MTIxMS4wIKXMDSoJLDEwMjExMjM0SAFQAw%3D%3D",31.41826,73.1069317,Place pin in the Google Maps link,RO
UMAR-180038BD,105,GOVT MUNCIPLE GRAUGUAT COLLAGE JARANWALA ROAD,"https://www.google.com/maps/place/31%C2%B023'11.6%22N+73%C2%B003'54.1%22E/@31.3865536,73.0624546,618m/data=!3m2!1e3!4b1!4m4!3m3!8m2!3d31.3865536!4d73.0650295?hl=en&entry=ttu&g_ep=EgoyMDI0MTIxMS4wIKXMDSoJLDEwMjExMjM0SAFQAw%3D%3D",31.3865536,73.0650295,Place pin in the Google Maps link,RO
UMAR-D76CA189,106,GOVT POST GREDUATE COLLEGE FOR WOMEN KARKHANA BAZAR,"https://www.google.com/maps/place/31%C2%B025'03.6%22N+73%C2%B004'58.1%22E/@31.417656,73.0802291,618m/data=!3m2!1e3!4b1!4m4!3m3!8m2!3d31.417656!4d73.082804?hl=en&entry=ttu&g_ep=EgoyMDI0MTIxMS4wIKXMDSoJLDEwMjExMjM0SAFQAw%3D%3D",31.417656,73.082804,Place pin in the Google Maps link,RO
UMAR-63BCE31E,107,GRAIN MARKET SAYLANI BRANCH DIGKOT ROAD,"https://www.google.com/maps/place/31%C2%B024'38.0%22N+73%C2%B004'28.5%22E/@31.4105582,73.0719949,618m/data=!3m2!1e3!4b1!4m4!3m3!8m2!3d31.4105582!4d73.0745698?hl=en&entry=ttu&g_ep=EgoyMDI0MTIxMS4wIKXMDSoJLDEwMjExMjM0SAFQAw%3D%3D",31.4105582,73.0745698,Place pin in the Google Maps link,RO
UMAR-AF5D57AA,108,"GULBERG B BLOCK FAROQIA PARK ","https://www.google.com/maps/place/Water+Filtering+Plant/@31.4190891,73.0592005,39m/data=!3m1!1e3!4m12!1m5!3m4!2zMzHCsDI0JzM4LjAiTiA3M8KwMDQnMjguNSJF!8m2!3d31.4105582!4d73.0745698!3m5!1s0x392242ea16ec0635:0x49968e340cf8e774!8m2!3d31.4190884!4d73.0592309!16s%2Fg%2F11g7h64sxz?hl=en&entry=ttu&g_ep=EgoyMDI0MTIxMS4wIKXMDSoJLDEwMjExMjM0SAFQAw%3D%3D",31.4105582,73.0745698,Place pin in the Google Maps link,RO
UMAR-86852A17,109,GULBERG POLICE STATION,"https://www.google.com/maps/place/31%C2%B025'28.0%22N+73%C2%B003'59.5%22E/@31.4244324,73.0639403,618m/data=!3m2!1e3!4b1!4m4!3m3!8m2!3d31.4244324!4d73.0665152?hl=en&entry=ttu&g_ep=EgoyMDI0MTIxMS4wIKXMDSoJLDEwMjExMjM0SAFQAw%3D%3D",31.4244324,73.0665152,Place pin in the Google Maps link,RO
UMAR-512CB522,110,HAJI ABAD NEAR BOYS HIGH SCHOOL JAMIA SALFIA ROAD,"https://www.google.com/maps/place/Jamia+Salfia+Rd,+Ashrafabad,+Faisalabad,+Punjab/data=!4m2!3m1!1s0x392269c53df06ac5:0x226aecc0a2a74d93?utm_source=mstt_1&entry=gps&coh=192189&g_ep=CAESBzI0LjQ5LjYYACCenQoqfiw5NDIyMzI5OSw5NDIxNjQxMyw5NDIxMjQ5Niw5NDIwNzM5NCw5NDIwNzUwNiw5NDIwODUwNiw5NDIxNzUyMyw5NDIxODY1Myw5NDIyODIwNCw5NDIyOTgzOSw5NDIzOTEyNyw0NzA4NzExOCw0NzA4NDM5Myw5NDIxMzIwMEICUEs%3D",,,No coordinates in the link,RO
UMAR-B8191CCB,111,HAJI PARK NAZIM ABAD,"https://www.google.com/maps/place/Block+B+Nazimabad+Block+B,+Faisalabad,+Punjab/@31.4079111,73.069248,618m/data=!3m2!1e3!4b1!4m6!3m5!1s0x392242b759e19a53:0x2496c6ca1fdedd5e!8m2!3d31.4079111!4d73.069248!16s%2Fg%2F11g6036fdj?entry=ttu&g_ep=EgoyMDI0MTIxMS4wIKXMDSoJLDEwMjExMjM0SAFQAw%3D%3D",31.4079111,73.069248,Place pin in the Google Maps link,RO
UMAR-E6ABA8E7,112,"HASHMAT PARK GULISTAN COLONY ","https://www.google.com/maps/place/Tahir+Rd,+Block+G+Gulistan+Colony,+Faisalabad,+Punjab/@31.4457306,73.1019816,618m/data=!3m2!1e3!4b1!4m6!3m5!1s0x39226832d306235b:0x3f5e4a9d6a674696!8m2!3d31.4457306!4d73.1019816!16s%2Fg%2F11g63ql776?entry=ttu&g_ep=EgoyMDI0MTIxMS4wIKXMDSoJLDEwMjExMjM0SAFQAw%3D%3D",31.4457306,73.1019816,Place pin in the Google Maps link,RO
UMAR-55075C0D,113,IQBAL HOSPITAL BOYS HIGH SCHOOL NARHWALA ROAD,"https://www.google.com/maps/place/31%C2%B025'53.5%22N+73%C2%B002'39.3%22E/@31.4315297,73.0416693,618m/data=!3m2!1e3!4b1!4m4!3m3!8m2!3d31.4315297!4d73.0442442?hl=en&entry=ttu&g_ep=EgoyMDI0MTIxMS4wIKXMDSoJLDEwMjExMjM0SAFQAw%3D%3D",31.4315297,73.0442442,Place pin in the Google Maps link,RO
UMAR-D7E0D9CD,114,IQBAL STADIUM RAMZAN BAZAR RIAZ SHAHAD ROAD,"https://www.google.com/maps/place/Sahlot+Bazar/@31.4334905,73.0889591,218m/data=!3m1!1e3!4m6!3m5!1s0x392269449ea7eedd:0xa08c189d0693d12d!8m2!3d31.4335863!4d73.0900227!16s%2Fg%2F11n6qm15km?hl=en&entry=ttu&g_ep=EgoyMDI0MTIxMS4wIKXMDSoJLDEwMjExMjM0SAFQAw%3D%3D",31.4335863,73.0900227,Place pin in the Google Maps link,RO
UMAR-047ABF0D,115,ISLAAH GIRLS HIGH SCHOOL NEAR TIBBA LOHARAAN CHINYOT,"https://www.google.com/maps/place/31%C2%B043'08.3%22N+72%C2%B058'53.0%22E/@31.7189599,72.9788187,616m/data=!3m2!1e3!4b1!4m4!3m3!8m2!3d31.7189599!4d72.9813936?hl=en&entry=ttu&g_ep=EgoyMDI0MTIxMS4wIKXMDSoJLDEwMjExMjM0SAFQAw%3D%3D",31.7189599,72.9813936,Place pin in the Google Maps link,RO
UMAR-AF3CC7DF,116,ISLAMIA HOSPITAL NEAR 9 GAZZA ROAD UMER HAYYAT MEHAL CHINYOT,"https://www.google.com/maps/place/Islamia+Hospital,+Chiniot,+Punjab+35400/@31.719162,72.97804,616m/data=!3m1!1e3!4m6!3m5!1s0x39223b4257a88957:0x822448e95d7d0f16!8m2!3d31.7192938!4d72.9783047!16s%2Fg%2F11b8tdw2dh?hl=en&entry=ttu&g_ep=EgoyMDI0MTIxMS4wIKXMDSoJLDEwMjExMjM0SAFQAw%3D%3D",31.7192938,72.9783047,Place pin in the Google Maps link,RO
UMAR-B6C731D4,117,ISLAMIA WATER PLANT NEAR JANAZGAH ROAD CHINYOT,,,,No link,RO
UMAR-9ED71A30,118,JALVI MARKET SCHOOL BOYS HIGH SCHOOL JARHANWALA ROAD,"https://www.google.com/maps/place/31%C2%B024'15.5%22N+73%C2%B007'41.0%22E/@31.4043086,73.1254659,618m/data=!3m2!1e3!4b1!4m4!3m3!8m2!3d31.4043086!4d73.1280408?hl=en&entry=ttu&g_ep=EgoyMDI0MTIxMS4wIKXMDSoJLDEwMjExMjM0SAFQAw%3D%3D",31.4043086,73.1280408,Place pin in the Google Maps link,RO
UMAR-7B50F744,119,JAMIA MASJID NISAR E ILAHI NEAR FAISALABAD ROAD TEHSEEL CHOK CHINYOT,,,,No link,RO
UMAR-17A88861,120,JHANG ROAD SAYLANI BRANCH,"https://www.google.com/maps/place/Sailani+Welfare+Langer+Khana/@31.4100734,73.0574285,65m/data=!3m1!1e3!4m12!1m5!3m4!2zMzHCsDI0JzM2LjEiTiA3M8KwMDMnMjguMCJF!8m2!3d31.4100346!4d73.0577892!3m5!1s0x39224300273d74cf:0x7cbcfe2f600d2f4b!8m2!3d31.409966!4d73.0576323!16s%2Fg%2F11whzjfd_g?hl=en&entry=ttu&g_ep=EgoyMDI0MTIxMS4wIKXMDSoJLDEwMjExMjM0SAFQAw%3D%3D",31.4100346,73.0577892,Place pin in the Google Maps link,RO
UMAR-D73837D8,121,JHUMRA PLANTS,,,,No link,RO
UMAR-D73837D8-2,122,JHUMRA PLANTS,,,,No link,RO
UMAR-D73837D8-3,123,JHUMRA PLANTS,,,,No link,RO
UMAR-D73837D8-4,124,JHUMRA PLANTS,,,,No link,RO
UMAR-98FC45C9,125,JINAH COLONY,"https://www.google.com/maps/place/Jinnah+Colony,+Faisalabad,+Punjab/@31.4198541,73.0689304,618m/data=!3m2!1e3!4b1!4m6!3m5!1s0x39224295f123ad4f:0x98d6681de650218e!8m2!3d31.4198541!4d73.0689304!16s%2Fg%2F11c63v29hl?entry=ttu&g_ep=EgoyMDI0MTIxMS4wIKXMDSoJLDEwMjExMjM0SAFQAw%3D%3D",31.4198541,73.0689304,Place pin in the Google Maps link,RO
UMAR-AECA3C2D,126,KALEEM SHAHEED COLONY NO 1,"https://www.google.com/maps/place/31%C2%B026'01.1%22N+73%C2%B002'19.7%22E/@31.4336499,73.0362267,618m/data=!3m2!1e3!4b1!4m4!3m3!8m2!3d31.4336499!4d73.0388016?hl=en&entry=ttu&g_ep=EgoyMDI0MTIxMS4wIKXMDSoJLDEwMjExMjM0SAFQAw%3D%3D",31.4336499,73.0388016,Place pin in the Google Maps link,RO
UMAR-D94C1741,127,KARTARY WALA DOGAR CHOWK,,,,No link,RO
UMAR-CFC5C2FB,128,KB WEAVING,"https://www.google.com/maps/place/31%C2%B022'52.5%22N+73%C2%B003'14.1%22E/@31.3811435,73.0538241,39m/data=!3m1!1e3!4m4!3m3!8m2!3d31.3812522!4d73.0539217?hl=en&entry=ttu&g_ep=EgoyMDI0MTIxMS4wIKXMDSoJLDEwMjExMjM0SAFQAw%3D%3D",31.3812522,73.0539217,Place pin in the Google Maps link,RO
UMAR-85E4A827,129,KHADIJA MEHMOOD HOSPITAL NEAR CHIBBAN ROAD,"https://www.google.com/maps/place/31%C2%B026'02.3%22N+73%C2%B005'57.4%22E/@31.4339632,73.0967059,618m/data=!3m2!1e3!4b1!4m4!3m3!8m2!3d31.4339632!4d73.0992808?hl=en&entry=ttu&g_ep=EgoyMDI0MTIxMS4wIKXMDSoJLDEwMjExMjM0SAFQAw%3D%3D",31.4339632,73.0992808,Place pin in the Google Maps link,RO
UMAR-8F403FF2,130,KHAKI SHAH QABRISTAN HAJVERI TOWN,"https://www.google.com/maps/place/Hajvery+Town,+Faisalabad,+Punjab/@31.4364183,73.0953628,1236m/data=!3m2!1e3!4b1!4m6!3m5!1s0x3922682f1eaebdaf:0x75daec9be65d602a!8m2!3d31.4352785!4d73.0951264!16s%2Fg%2F1tgdlz5x?entry=ttu&g_ep=EgoyMDI0MTIxMS4wIKXMDSoJLDEwMjExMjM0SAFQAw%3D%3D",31.4352785,73.0951264,Place pin in the Google Maps link,RO
UMAR-74FCBCD9,131,KOILY WALI GROUND SAMAN ABAD,"https://www.google.com/maps/place/31%C2%B023'21.2%22N+73%C2%B003'59.9%22E/@31.3892205,73.064069,618m/data=!3m2!1e3!4b1!4m4!3m3!8m2!3d31.3892205!4d73.0666439?hl=en&entry=ttu&g_ep=EgoyMDI0MTIxMS4wIKXMDSoJLDEwMjExMjM0SAFQAw%3D%3D",31.3892205,73.0666439,Place pin in the Google Maps link,RO
UMAR-5FA077B8,132,KOTWALI POLICE STATION,"https://www.google.com/maps/place/CarFirst+Purchase+Center-Shell+Lyallpur/@31.4216137,73.0762994,46m/data=!3m1!1e3!4m6!3m5!1s0x3922435cf67e742b:0xfc71bc48c6d1efd4!8m2!3d31.4217567!4d73.0764647!16s%2Fg%2F11nnvrx1wc?hl=en&entry=ttu&g_ep=EgoyMDI0MTIxMS4wIKXMDSoJLDEwMjExMjM0SAFQAw%3D%3D",31.4217567,73.0764647,Place pin in the Google Maps link,RO
UMAR-CB009C5B,133,"LAL MILL CHOK AKHUWAT WELFARE ","https://www.google.com/maps/place/31%C2%B024'51.5%22N+73%C2%B005'17.0%22E/@31.4142997,73.0854786,618m/data=!3m2!1e3!4b1!4m4!3m3!8m2!3d31.4142997!4d73.0880535?hl=en&entry=ttu&g_ep=EgoyMDI0MTIxMS4wIKXMDSoJLDEwMjExMjM0SAFQAw%3D%3D",31.4142997,73.0880535,Place pin in the Google Maps link,RO
UMAR-A6246E47,134,"LATIF PARK D-TYPE COLONY ","https://www.google.com/maps/place/Zulfiqar+Colony+D+Type+Colony,+Faisalabad,+Punjab/@31.3805744,73.078291,520m/data=!3m1!1e3!4m6!3m5!1s0x39225d5c4f39cea3:0xd651e90ad0eed6fa!8m2!3d31.379961!4d73.0799568!16s%2Fg%2F11cn7x6cyz?entry=ttu&g_ep=EgoyMDI0MTIxMS4wIKXMDSoJLDEwMjExMjM0SAFQAw%3D%3D",31.379961,73.0799568,Place pin in the Google Maps link,RO
UMAR-CFA0691E,136,LEGACY TEXTILE SAMUNDARI ROAD,,,,No link,RO
UMAR-E076071F,136,LYAQAT TOWN BILAL PARK ABC ROAD,"https://www.google.com/maps/place/Plot+162,+Liaqat+Town+Block+A+Liaquat+Town,+Faisalabad,+Punjab/@31.4146646,73.0505968,109m/data=!3m1!1e3!4m6!3m5!1s0x392242dd18f1a47f:0x8660f2901b5ab73!8m2!3d31.4144951!4d73.0507428!16s%2Fg%2F11hc_z_n19?entry=ttu&g_ep=EgoyMDI0MTIxMS4wIKXMDSoJLDEwMjExMjM0SAFQAw%3D%3D",31.4144951,73.0507428,Place pin in the Google Maps link,RO
UMAR-CFAE12E9,137,MADINA PARK KALEEM SHAHEED COLONY NO. 1,"https://www.google.com/maps/place/31%C2%B025'51.6%22N+73%C2%B002'46.5%22E/@31.430996,73.0436798,618m/data=!3m2!1e3!4b1!4m4!3m3!8m2!3d31.430996!4d73.0462547?hl=en&entry=ttu&g_ep=EgoyMDI0MTIxMS4wIKXMDSoJLDEwMjExMjM0SAFQAw%3D%3D",31.430996,73.0462547,Place pin in the Google Maps link,RO
UMAR-FEC59D80,138,MADINA TOWN POLICE STATION,"https://www.google.com/maps/place/31%C2%B025'49.0%22N+73%C2%B008'25.0%22E/@31.4302717,73.1376951,618m/data=!3m2!1e3!4b1!4m4!3m3!8m2!3d31.4302717!4d73.14027?hl=en&entry=ttu&g_ep=EgoyMDI0MTIxMS4wIKXMDSoJLDEwMjExMjM0SAFQAw%3D%3D",31.4302717,73.14027,Place pin in the Google Maps link,RO
UMAR-29EFE21F,139,MADINA TOWN SCHOOL,"https://www.google.com/maps/place/31%C2%B025'19.6%22N+73%C2%B007'46.0%22E/@31.4221219,73.1292642,39m/data=!3m1!1e3!4m4!3m3!8m2!3d31.4221149!4d73.1294533?hl=en&entry=ttu&g_ep=EgoyMDI0MTIxMS4wIKXMDSoJLDEwMjExMjM0SAFQAw%3D%3D",31.4221149,73.1294533,Place pin in the Google Maps link,RO
UMAR-14DC7829,140,MADINA TOWN SIDIQIA PARK,"https://www.google.com/maps/place/St+30,+Block+X+Madina+Town,+Faisalabad,+Punjab/data=!4m2!3m1!1s0x39226863c2ab62d5:0xa2ed5636d961e666?utm_source=mstt_1&entry=gps&coh=192189&g_ep=CAESBzI0LjQ5LjYYACCIJyp-LDk0MjIzMjk5LDk0MjE2NDEzLDk0MjEyNDk2LDk0MjA3Mzk0LDk0MjA3NTA2LDk0MjA4NTA2LDk0MjE3NTIzLDk0MjE4NjUzLDk0MjI4MjA0LDk0MjI5ODM5LDk0MjM5MTI3LDQ3MDg3MTE4LDQ3MDg0MzkzLDk0MjEzMjAwQgJQSw%3D%3D",,,No coordinates in the link,RO
UMAR-294D0599,141,MADNI PARK JHUMRA,,,,No link,RO
UMAR-4DD71305,142,"MAKI MASJID ","https://www.google.com/maps/place/31%C2%B024'03.8%22N+73%C2%B007'27.1%22E/@31.4010413,73.1216235,618m/data=!3m2!1e3!4b1!4m4!3m3!8m2!3d31.4010413!4d73.1241984?hl=en&entry=ttu&g_ep=EgoyMDI0MTIxMS4wIKXMDSoJLDEwMjExMjM0SAFQAw%3D%3D",31.4010413,73.1241984,Place pin in the Google Maps link,RO
UMAR-1A4A0E88,143,MALIK PUR SCHOOL,"https://www.google.com/maps/place/31%C2%B026'57.1%22N+73%C2%B007'46.7%22E/@31.4491816,73.1270549,618m/data=!3m2!1e3!4b1!4m4!3m3!8m2!3d31.4491816!4d73.1296298?hl=en&entry=ttu&g_ep=EgoyMDI0MTIxMS4wIKXMDSoJLDEwMjExMjM0SAFQAw%3D%3D",31.4491816,73.1296298,Place pin in the Google Maps link,RO
UMAR-D82678F0,144,MANA WALA OFFICE UC 42 NEAR GHS SCHOOL,"https://www.google.com/maps/place/31%C2%B027'35.0%22N+73%C2%B008'58.9%22E/@31.4597134,73.1471088,618m/data=!3m2!1e3!4b1!4m4!3m3!8m2!3d31.4597134!4d73.1496837?hl=en&entry=ttu&g_ep=EgoyMDI0MTIxMS4wIKXMDSoJLDEwMjExMjM0SAFQAw%3D%3D",31.4597134,73.1496837,Place pin in the Google Maps link,RO
UMAR-8BFF68A1,145,MANDI SHAH JEONA GAZI ABAD TAHSIL JHANG DISTRICT JHANG,,,,No link,RO
UMAR-E0E19605,146,MAQBOOL ROAD DISPENCERY,"https://www.google.com/maps/place/31%C2%B023'58.5%22N+73%C2%B005'22.7%22E/@31.3995749,73.08706,618m/data=!3m2!1e3!4b1!4m4!3m3!8m2!3d31.3995749!4d73.0896349?hl=en&entry=ttu&g_ep=EgoyMDI0MTIxMS4wIKXMDSoJLDEwMjExMjM0SAFQAw%3D%3D",31.3995749,73.0896349,Place pin in the Google Maps link,RO
UMAR-692AC275,147,"MARZI PURA ","https://www.google.com/maps/place/31%C2%B026'19.6%22N+73%C2%B001'27.8%22E/@31.438788,73.024384,618m/data=!3m2!1e3!4b1!4m4!3m3!8m2!3d31.438788!4d73.024384?entry=ttu&g_ep=EgoyMDI0MTIxMS4wIKXMDSoJLDEwMjExMjM0SAFQAw%3D%3D",31.438788,73.024384,Place pin in the Google Maps link,RO
UMAR-ADB687CD,148,MODEL BAZAR,"https://www.google.com/maps/place/Faisalabad,+Punjab/@31.4009313,73.0338749,618m/data=!3m2!1e3!4b1!4m6!3m5!1s0x39224328db29a9af:0xfc0183ee826b9ebe!8m2!3d31.4009313!4d73.0338749!16s%2Fg%2F11f6fyn12n?entry=ttu&g_ep=EgoyMDI0MTIxMS4wIKXMDSoJLDEwMjExMjM0SAFQAw%3D%3D",31.4009313,73.0338749,Place pin in the Google Maps link,RO
UMAR-0A74A1F4,149,MODEL TOWN A BLOCK,,,,No link,RO
UMAR-AE0866AA,150,MUHAMMADI MASJID MASOOD ABAD,"https://www.google.com/maps/place/31%C2%B023'01.9%22N+73%C2%B003'30.0%22E/@31.3838541,73.0557517,618m/data=!3m2!1e3!4b1!4m4!3m3!8m2!3d31.3838541!4d73.0583266?hl=en&entry=ttu&g_ep=EgoyMDI0MTIxMS4wIKXMDSoJLDEwMjExMjM0SAFQAw%3D%3D",31.3838541,73.0583266,Place pin in the Google Maps link,RO
UMAR-980CA855,151,"MUKHTAR AL NORANI ","https://www.google.com/maps/place/31%C2%B025'55.2%22N+73%C2%B006'30.3%22E/@31.4320074,73.1058299,618m/data=!3m2!1e3!4b1!4m4!3m3!8m2!3d31.4320074!4d73.1084048?hl=en&entry=ttu&g_ep=EgoyMDI0MTIxMS4wIKXMDSoJLDEwMjExMjM0SAFQAw%3D%3D",31.4320074,73.1084048,Place pin in the Google Maps link,RO
UMAR-BE10643C,152,MUNIR ABAD,"https://www.google.com/maps/place/31%C2%B025'34.7%22N+73%C2%B002'30.0%22E/@31.4263117,73.0390918,618m/data=!3m2!1e3!4b1!4m4!3m3!8m2!3d31.4263117!4d73.0416667?hl=en&entry=ttu&g_ep=EgoyMDI0MTIxMS4wIKXMDSoJLDEwMjExMjM0SAFQAw%3D%3D",31.4263117,73.0416667,Place pin in the Google Maps link,RO
UMAR-8DF7D444,153,"MUSLIM TOWN ","https://www.google.com/maps/place/31%C2%B027'27.2%22N+73%C2%B005'28.5%22E/@31.4575416,73.0886636,618m/data=!3m2!1e3!4b1!4m4!3m3!8m2!3d31.4575416!4d73.0912385?hl=en&entry=ttu&g_ep=EgoyMDI0MTIxMS4wIKXMDSoJLDEwMjExMjM0SAFQAw%3D%3D",31.4575416,73.0912385,Place pin in the Google Maps link,RO
UMAR-69E7032D,154,MUZAFAR COLONY,"https://www.google.com/maps/place/31%C2%B022'34.4%22N+73%C2%B003'20.1%22E/@31.3762277,73.053015,618m/data=!3m2!1e3!4b1!4m4!3m3!8m2!3d31.3762277!4d73.0555899?hl=en&entry=ttu&g_ep=EgoyMDI0MTIxMS4wIKXMDSoJLDEwMjExMjM0SAFQAw%3D%3D",31.3762277,73.0555899,Place pin in the Google Maps link,RO
UMAR-5286430B,155,NASIR TOWN,"https://www.google.com/maps/place/31%C2%B022'32.2%22N+73%C2%B005'50.5%22E/@31.3755966,73.0947898,618m/data=!3m2!1e3!4b1!4m4!3m3!8m2!3d31.3755966!4d73.0973647?hl=en&entry=ttu&g_ep=EgoyMDI0MTIxMS4wIKXMDSoJLDEwMjExMjM0SAFQAw%3D%3D",31.3755966,73.0973647,Place pin in the Google Maps link,RO
UMAR-0CDBF525,156,NAWABA WALA ROAD DISPENSRY,"https://www.google.com/maps/place/31%C2%B022'39.5%22N+73%C2%B003'27.4%22E/@31.377627,73.0550299,618m/data=!3m2!1e3!4b1!4m4!3m3!8m2!3d31.377627!4d73.0576048?hl=en&entry=ttu&g_ep=EgoyMDI0MTIxMS4wIKXMDSoJLDEwMjExMjM0SAFQAw%3D%3D",31.377627,73.0576048,Place pin in the Google Maps link,RO
UMAR-32769BAE,157,"NEAR FAZL HAQ ROAD , DIJKOT",,,,No link,RO
UMAR-46ED9153,158,"NEAR IMAM BARGAH WARD NO 3 , DIJKOT",,,,No link,RO
UMAR-AB0267F9,159,"NEAR RURAL HELTH CENTER TANDLIANWALA ROAD , DIJKOT",,,,No link,RO
UMAR-0B13B263,160,NIGEHBAN PURA PHATHAK,"https://www.google.com/maps/place/Jhumra+Rd,+Mansoorabad,+Faisalabad,+Punjab/@31.431923,73.1102142,618m/data=!3m2!1e3!4b1!4m6!3m5!1s0x3922683895df07c5:0x58de0addbf827aeb!8m2!3d31.431923!4d73.1102142!16s%2Fg%2F11g64rs9xm?entry=ttu&g_ep=EgoyMDI0MTIxMS4wIKXMDSoJLDEwMjExMjM0SAFQAw%3D%3D",31.431923,73.1102142,Place pin in the Google Maps link,RO
UMAR-1152B222,161,NIGEHBAN PURA QABRISTAN,"https://www.google.com/maps/place/Nighabanpura,+Faisalabad,+Punjab/@31.4350811,73.1107934,618m/data=!3m2!1e3!4b1!4m6!3m5!1s0x392268380e5b6367:0xd3ef012851fea7ad!8m2!3d31.4350811!4d73.1107934!16s%2Fg%2F11g61jc462?entry=ttu&g_ep=EgoyMDI0MTIxMS4wIKXMDSoJLDEwMjExMjM0SAFQAw%3D%3D",31.4350811,73.1107934,Place pin in the Google Maps link,RO
UMAR-B7852B8F,162,NISAR COLONY,"https://www.google.com/maps/place/31%C2%B022'49.9%22N+73%C2%B004'01.0%22E/@31.3805383,73.0643801,618m/data=!3m2!1e3!4b1!4m4!3m3!8m2!3d31.3805383!4d73.066955?hl=en&entry=ttu&g_ep=EgoyMDI0MTIxMS4wIKXMDSoJLDEwMjExMjM0SAFQAw%3D%3D",31.3805383,73.066955,Place pin in the Google Maps link,RO
UMAR-3C05B9F6,163,NISHAT ABAD BRANCH,"https://www.google.com/maps/place/31%C2%B027'16.6%22N+73%C2%B007'23.9%22E/@31.4546213,73.120717,618m/data=!3m2!1e3!4b1!4m4!3m3!8m2!3d31.4546213!4d73.1232919?hl=en&entry=ttu&g_ep=EgoyMDI0MTIxMS4wIKXMDSoJLDEwMjExMjM0SAFQAw%3D%3D",31.4546213,73.1232919,Place pin in the Google Maps link,RO
UMAR-0732F4FD,164,NOORPUR GIRLS HIGH SCHOOL,"https://www.google.com/maps/place/31%C2%B027'25.8%22N+73%C2%B005'51.4%22E/@31.4571631,73.0950482,618m/data=!3m2!1e3!4b1!4m4!3m3!8m2!3d31.4571631!4d73.0976231?hl=en&entry=ttu&g_ep=EgoyMDI0MTIxMS4wIKXMDSoJLDEwMjExMjM0SAFQAw%3D%3D",31.4571631,73.0976231,Place pin in the Google Maps link,RO
UMAR-E36C395D,165,NUSRAT FATHE ALI KHAN HOSPITAL 224 RB,"https://www.google.com/maps/place/31%C2%B023'33.1%22N+73%C2%B006'04.1%22E/@31.392318,73.1010668,130m/data=!3m1!1e3!4m4!3m3!8m2!3d31.3925278!4d73.1011395?hl=en&entry=ttu&g_ep=EgoyMDI0MTIxMS4wIKXMDSoJLDEwMjExMjM0SAFQAw%3D%3D",31.3925278,73.1011395,Place pin in the Google Maps link,RO
UMAR-F6A83DAC,166,OFFICER COLONY,"https://www.google.com/maps/place/31%C2%B026'49.3%22N+73%C2%B004'53.5%22E/@31.4467434,73.0808562,437m/data=!3m1!1e3!4m4!3m3!8m2!3d31.4470217!4d73.0815283?hl=en&entry=ttu&g_ep=EgoyMDI0MTIxMS4wIKXMDSoJLDEwMjExMjM0SAFQAw%3D%3D",31.4470217,73.0815283,Place pin in the Google Maps link,RO
UMAR-BB66F57C,167,OKARA ARMY CANT 313 SAMB,"https://www.google.com/maps/place/Al+Jehad+Boys+Hostel+Okara+Cantt+(GCH)/@30.7265868,73.3348182,1047m/data=!3m1!1e3!4m9!1m2!2m1!1sokara+army+cantt!3m5!1s0x3922a56ad1d7a2f7:0x79820ae0aa310781!8m2!3d30.7260033!4d73.3364255!16s%2Fg%2F11p15q1s2p?hl=en&entry=ttu&g_ep=EgoyMDI0MTIxMS4wIKXMDSoJLDEwMjExMjM0SAFQAw%3D%3D",30.7260033,73.3364255,Place pin in the Google Maps link,RO
UMAR-F788B955,168,OKARA ARMY CANT 314 SAMB,"https://www.google.com/maps/place/Al+Jehad+Boys+Hostel+Okara+Cantt+(GCH)/@30.7265868,73.3348182,1047m/data=!3m1!1e3!4m9!1m2!2m1!1sokara+army+cantt!3m5!1s0x3922a56ad1d7a2f7:0x79820ae0aa310781!8m2!3d30.7260033!4d73.3364255!16s%2Fg%2F11p15q1s2p?hl=en&entry=ttu&g_ep=EgoyMDI0MTIxMS4wIKXMDSoJLDEwMjExMjM0SAFQAw%3D%3D",30.7260033,73.3364255,Place pin in the Google Maps link,RO
UMAR-0AADAE7E,169,OLD FISH FARM BACK SIDE AGRICULTURE UNIVERSITY,"https://www.google.com/maps/place/31%C2%B026'24.2%22N+73%C2%B004'03.7%22E/@31.4400519,73.0651073,618m/data=!3m2!1e3!4b1!4m4!3m3!8m2!3d31.4400519!4d73.0676822?hl=en&entry=ttu&g_ep=EgoyMDI0MTIxMS4wIKXMDSoJLDEwMjExMjM0SAFQAw%3D%3D",31.4400519,73.0676822,Place pin in the Google Maps link,RO
UMAR-AB5B65D3,170,OLD SABZI MANDI NEW KHALID ABAD GAO SHALA MORE,,,,No link,RO
UMAR-630F098E,171,"PANJ PEER MOHALLA ","https://www.google.com/maps/place/Lakard+Mandi,+Faisalabad,+Punjab/@31.4121808,73.0639499,65m/data=!3m1!1e3!4m6!3m5!1s0x392242b8a7934d83:0x383ab957bd50f9d9!8m2!3d31.4122965!4d73.0642479!16s%2Fg%2F11c2wbyj_c?entry=ttu&g_ep=EgoyMDI0MTIxMS4wIKXMDSoJLDEwMjExMjM0SAFQAw%3D%3D",31.4122965,73.0642479,Place pin in the Google Maps link,RO
UMAR-722BC1BD,172,PARTAB NAGAR # 7,"https://www.google.com/maps/place/Chenab+Pakwan+Center,+pertab+nager,+Quaid+E+Azam+Park,+Street+%237,+Jhang+Rd,+Sardarpura,+Faisalabad,+Punjab/data=!4m2!3m1!1s0x3922430025cf805b:0xf728a11f5f6081df?utm_source=mstt_1&entry=gps&coh=192189&g_ep=CAESBzI0LjQ5LjYYACCIJyp-LDk0MjIzMjk5LDk0MjE2NDEzLDk0MjEyNDk2LDk0MjA3Mzk0LDk0MjA3NTA2LDk0MjA4NTA2LDk0MjE3NTIzLDk0MjE4NjUzLDk0MjI4MjA0LDk0MjI5ODM5LDk0MjM5MTI3LDQ3MDg3MTE4LDQ3MDg0MzkzLDk0MjEzMjAwQgJQSw%3D%3D",,,No coordinates in the link,RO
UMAR-1CA1B8CC,173,PARTAB NAGAR #10,"https://www.google.com/maps/place/Street+10,+Sardarpura,+Faisalabad,+Punjab/data=!4m2!3m1!1s0x392242c7bf967a07:0x7a911b98f9cc188b?utm_source=mstt_1&entry=gps&coh=192189&g_ep=CAESBzI0LjQ5LjYYACDXggMqfiw5NDIyMzI5OSw5NDIxNjQxMyw5NDIxMjQ5Niw5NDIwNzM5NCw5NDIwNzUwNiw5NDIwODUwNiw5NDIxNzUyMyw5NDIxODY1Myw5NDIyODIwNCw5NDIyOTgzOSw5NDIzOTEyNyw0NzA4NzExOCw0NzA4NDM5Myw5NDIxMzIwMEICUEs%3D",,,No coordinates in the link,RO
UMAR-2F70559F,174,"PASBAN TRAINING CENTER ","https://www.google.com/maps/place/31%C2%B022'55.7%22N+73%C2%B007'28.9%22E/@31.3821367,73.1221151,618m/data=!3m2!1e3!4b1!4m4!3m3!8m2!3d31.3821367!4d73.12469?hl=en&entry=ttu&g_ep=EgoyMDI0MTIxMS4wIKXMDSoJLDEwMjExMjM0SAFQAw%3D%3D",31.3821367,73.12469,Place pin in the Google Maps link,RO
UMAR-A1C8A6F8,175,PINGA WALI GROUND,"https://www.google.com/maps/place/Gola+Rd,+D+Ground+Block+B+People's+Colony+No+1,+Faisalabad,+Punjab/@31.4073644,73.1057444,260m/data=!3m1!1e3!4m6!3m5!1s0x3922680bb6680205:0xfbdf5ef5714e05d1!8m2!3d31.4074952!4d73.1061534!16s%2Fg%2F11bx1_7kf4?entry=ttu&g_ep=EgoyMDI0MTIxMS4wIKXMDSoJLDEwMjExMjM0SAFQAw%3D%3D",31.4074952,73.1061534,Place pin in the Google Maps link,RO
UMAR-D0003190,176,PINTO PARK MIAN COLONY WARIS PURA,,,,No link,RO
UMAR-4CC6A9BF,177,POLICE CHOKI GULISTAN COLONY,"https://www.google.com/maps/place/Khaleeq+Rd,+Gulistan+Colony,+Faisalabad,+Punjab/@31.4392428,73.1095126,618m/data=!3m2!1e3!4b1!4m6!3m5!1s0x3922683648cc31c1:0xfe59dd246b9a0c96!8m2!3d31.4392428!4d73.1095126!16s%2Fg%2F11g6323mc6?entry=ttu&g_ep=EgoyMDI0MTIxMS4wIKXMDSoJLDEwMjExMjM0SAFQAw%3D%3D",31.4392428,73.1095126,Place pin in the Google Maps link,RO
UMAR-917076A3,178,POLICE LINES,"https://www.google.com/maps/place/31%C2%B025'36.3%22N+73%C2%B004'32.6%22E/@31.4267469,73.0731372,618m/data=!3m2!1e3!4b1!4m4!3m3!8m2!3d31.4267469!4d73.0757121?hl=en&entry=ttu&g_ep=EgoyMDI0MTIxMS4wIKXMDSoJLDEwMjExMjM0SAFQAw%3D%3D",31.4267469,73.0757121,Place pin in the Google Maps link,RO
UMAR-BC44D563,179,"POLICE STATION BATALA COLONY ","https://www.google.com/maps/place/31%C2%B023'40.1%22N+73%C2%B005'51.0%22E/@31.39448,73.0949201,618m/data=!3m2!1e3!4b1!4m4!3m3!8m2!3d31.39448!4d73.097495?hl=en&entry=ttu&g_ep=EgoyMDI0MTIxMS4wIKXMDSoJLDEwMjExMjM0SAFQAw%3D%3D",31.39448,73.097495,Place pin in the Google Maps link,RO
UMAR-D2910FDB,180,POLICE STATION PEOPLES COLONY,"https://www.google.com/maps/place/31%C2%B025'00.1%22N+73%C2%B006'31.9%22E/@31.4166867,73.1062801,618m/data=!3m2!1e3!4b1!4m4!3m3!8m2!3d31.4166867!4d73.108855?hl=en&entry=ttu&g_ep=EgoyMDI0MTIxMS4wIKXMDSoJLDEwMjExMjM0SAFQAw%3D%3D",31.4166867,73.108855,Place pin in the Google Maps link,RO
UMAR-28F823C5,181,"PULL ABDULLAH ","https://www.google.com/maps/place/31%C2%B021'59.7%22N+73%C2%B004'05.2%22E/@31.3665807,73.0655441,618m/data=!3m2!1e3!4b1!4m4!3m3!8m2!3d31.3665807!4d73.068119?hl=en&entry=ttu&g_ep=EgoyMDI0MTIxMS4wIKXMDSoJLDEwMjExMjM0SAFQAw%3D%3D",31.3665807,73.068119,Place pin in the Google Maps link,RO
UMAR-34EEAABB,182,QASIM PARK,"https://www.google.com/maps/place/31%C2%B023'57.8%22N+73%C2%B005'39.6%22E/@31.3993996,73.0917473,618m/data=!3m2!1e3!4b1!4m4!3m3!8m2!3d31.3993996!4d73.0943222?hl=en&entry=ttu&g_ep=EgoyMDI0MTIxMS4wIKXMDSoJLDEwMjExMjM0SAFQAw%3D%3D",31.3993996,73.0943222,Place pin in the Google Maps link,RO
UMAR-F9F4C8C5,183,"QUDRAT ABAD ","https://www.google.com/maps/place/Muradabad,+Faisalabad,+Punjab/data=!4m2!3m1!1s0x3922424d1d963411:0xfd97db441add7680?utm_source=mstt_1&entry=gps&coh=192189&g_ep=CAESBzI0LjQ5LjYYACCenQoqfiw5NDIyMzI5OSw5NDIxNjQxMyw5NDIxMjQ5Niw5NDIwNzM5NCw5NDIwNzUwNiw5NDIwODUwNiw5NDIxNzUyMyw5NDIxODY1Myw5NDIyODIwNCw5NDIyOTgzOSw5NDIzOTEyNyw0NzA4NzExOCw0NzA4NDM5Myw5NDIxMzIwMEICUEs%3D",,,No coordinates in the link,RO
UMAR-F4B4AF22,184,RAIL BAZAR POLICE STATION,"https://www.google.com/maps/place/31%C2%B025'07.1%22N+73%C2%B005'01.4%22E/@31.4179439,73.0825602,260m/data=!3m1!1e3!4m4!3m3!8m2!3d31.418646!4d73.0837265?hl=en&entry=ttu&g_ep=EgoyMDI0MTIxMS4wIKXMDSoJLDEwMjExMjM0SAFQAw%3D%3D",31.418646,73.0837265,Place pin in the Google Maps link,RO
UMAR-5DF71B19,185,RAILWAY STATION,"https://www.google.com/maps/place/Station+Rd,+Railway+Colony,+Faisalabad,+Punjab+54000,+Pakistan/@31.4171382,73.0957864,154m/data=!3m1!1e3!4m6!3m5!1s0x3922681a2ad79739:0x237aa30e313c89d3!8m2!3d31.4172398!4d73.096648!16s%2Fg%2F11g1lj5dx8?hl=en&entry=ttu&g_ep=EgoyMDI0MTIxMS4wIKXMDSoJLDEwMjExMjM0SAFQAw%3D%3D",31.4172398,73.096648,Place pin in the Google Maps link,RO
UMAR-C8C4AC94,186,RASOOL NAGAR,"https://www.google.com/maps/place/Faisalabad,+Punjab/data=!4m2!3m1!1s0x392243b021426cad:0x35126ea01a58e27a?utm_source=mstt_1&entry=gps&coh=192189&g_ep=CAESBzI0LjQ5LjYYACCenQoqfiw5NDIyMzI5OSw5NDIxNjQxMyw5NDIxMjQ5Niw5NDIwNzM5NCw5NDIwNzUwNiw5NDIwODUwNiw5NDIxNzUyMyw5NDIxODY1Myw5NDIyODIwNCw5NDIyOTgzOSw5NDIzOTEyNyw0NzA4NzExOCw0NzA4NDM5Myw5NDIxMzIwMEICUEs%3D",,,No coordinates in the link,RO
UMAR-140339DF,187,"RAZA ABAD 2 NUMBER BAZAR NEAR EID GAH ","https://www.google.com/maps/place/Razabad,+Faisalabad+-+%D9%81%DB%8C%D8%B5%D9%84+%D8%A2%D8%A8%D8%A7%D8%AF,+Faisalabad,+Punjab%E2%80%AD/@31.4253981,73.0441572,618m/data=!3m2!1e3!4b1!4m6!3m5!1s0x392242e3184aecad:0xe5883e013d54b7b9!8m2!3d31.4253981!4d73.0441572!16s%2Fg%2F11w9pl4wnf?entry=ttu&g_ep=EgoyMDI0MTIxMS4wIKXMDSoJLDEwMjExMjM0SAFQAw%3D%3D",31.4253981,73.0441572,Place pin in the Google Maps link,RO
UMAR-2D73438C,188,RAZA ABAD TANDIANWALA,,,,No link,RO
UMAR-BC364ED3,189,SABRIA SIRAJIAH SCHOOL NEAR CHANAB CHOCK,,,,No link,RO
UMAR-29A6E41C,190,SADHAAR SABZI MANDI BRANCH,,,,No link,RO
UMAR-E8134D6F,191,SAEED AJMAL ACADMY,"https://www.google.com/maps/place/Street+1,+Faisalabad,+Punjab/@31.4019649,73.0415565,618m/data=!3m2!1e3!4b1!4m6!3m5!1s0x392242d7cbfb47ef:0xea313a6e0d24f4c6!8m2!3d31.4019649!4d73.0415565!16s%2Fg%2F11g64mjmzd?entry=ttu&g_ep=EgoyMDI0MTIxMS4wIKXMDSoJLDEwMjExMjM0SAFQAw%3D%3D",31.4019649,73.0415565,Place pin in the Google Maps link,RO
UMAR-F0C8B3C5,192,SAKHI SARWAR ABAD,"https://www.google.com/maps/place/Mana+Wala,+Faisalabad,+Punjab/data=!4m2!3m1!1s0x392269068be9bd95:0xe4ae024719370421?utm_source=mstt_1&entry=gps&coh=192189&g_ep=CAESBzI0LjQ5LjYYACCenQoqfiw5NDIyMzI5OSw5NDIxNjQxMyw5NDIxMjQ5Niw5NDIwNzM5NCw5NDIwNzUwNiw5NDIwODUwNiw5NDIxNzUyMyw5NDIxODY1Myw5NDIyODIwNCw5NDIyOTgzOSw5NDIzOTEyNyw0NzA4NzExOCw0NzA4NDM5Myw5NDIxMzIwMEICUEs%3D",,,No coordinates in the link,RO
UMAR-149F7F62,193,SAMAN ABAD GENRAL HOSPITAL,"https://www.google.com/maps/place/31%C2%B023'06.0%22N+73%C2%B004'00.1%22E/@31.3850061,73.0641223,618m/data=!3m2!1e3!4b1!4m4!3m3!8m2!3d31.3850061!4d73.0666972?hl=en&entry=ttu&g_ep=EgoyMDI0MTIxMS4wIKXMDSoJLDEwMjExMjM0SAFQAw%3D%3D",31.3850061,73.0666972,Place pin in the Google Maps link,RO
UMAR-EC9B56D9,194,SAMAN ABAD SCHOOL,"https://www.google.com/maps/place/31%C2%B023'10.1%22N+73%C2%B003'52.3%22E/@31.3861364,73.0619605,618m/data=!3m2!1e3!4b1!4m4!3m3!8m2!3d31.3861364!4d73.0645354?hl=en&entry=ttu&g_ep=EgoyMDI0MTIxMS4wIKXMDSoJLDEwMjExMjM0SAFQAw%3D%3D",31.3861364,73.0645354,Place pin in the Google Maps link,RO
UMAR-1E965DE6,195,SAMAN ABAD WASA TANKI PARK,"https://www.google.com/maps/place/31%C2%B023'15.1%22N+73%C2%B004'08.2%22E/@31.3875183,73.0663634,618m/data=!3m2!1e3!4b1!4m4!3m3!8m2!3d31.3875183!4d73.0689383?hl=en&entry=ttu&g_ep=EgoyMDI0MTIxMS4wIKXMDSoJLDEwMjExMjM0SAFQAw%3D%3D",31.3875183,73.0689383,Place pin in the Google Maps link,RO
UMAR-BA504433,196,SAMUNDARI CITY NEAR POLICE STATION,"https://www.google.com/maps/place/Police+Station+City+Samundri/@31.0601924,72.9556184,219m/data=!3m1!1e3!4m6!3m5!1s0x3922f1a19cf9af33:0xf9665fa938fe52e3!8m2!3d31.0601776!4d72.9557829!16s%2Fg%2F11lm410d2w?entry=ttu&g_ep=EgoyMDI0MTIxMS4wIKXMDSoJLDEwMjExMjM0SAFQAw%3D%3D",31.0601776,72.9557829,Place pin in the Google Maps link,RO
UMAR-BC9909D9,197,SAMUNDARI CITY THQ HOSPITAL,"https://www.google.com/maps/place/31%C2%B003'42.4%22N+72%C2%B057'20.1%22E/@31.0617793,72.952997,620m/data=!3m2!1e3!4b1!4m4!3m3!8m2!3d31.0617793!4d72.9555719?hl=en&entry=ttu&g_ep=EgoyMDI0MTIxMS4wIKXMDSoJLDEwMjExMjM0SAFQAw%3D%3D",31.0617793,72.9555719,Place pin in the Google Maps link,RO
UMAR-0AA037B8,198,"SAYLANI HOUSE ","https://www.google.com/maps/place/Saylani+Mass+IT+Training+FSD/@31.4115546,73.0878741,184m/data=!3m1!1e3!4m6!3m5!1s0x3922681d444b32e1:0xc3887a0e53e91f7!8m2!3d31.4116658!4d73.0888139!16s%2Fg%2F11c6f6fpsc?entry=ttu&g_ep=EgoyMDI0MTIxMS4wIKXMDSoJLDEwMjExMjM0SAFQAw%3D%3D",31.4116658,73.0888139,Place pin in the Google Maps link,RO
UMAR-698D6866,199,SAYLANI OFFICE SUSAN ROAD,"https://www.google.com/maps/place/31%C2%B024'56.2%22N+73%C2%B006'42.4%22E/@31.4156229,73.1091921,618m/data=!3m2!1e3!4b1!4m4!3m3!8m2!3d31.4156229!4d73.111767?hl=en&entry=ttu&g_ep=EgoyMDI0MTIxMS4wIKXMDSoJLDEwMjExMjM0SAFQAw%3D%3D",31.4156229,73.111767,Place pin in the Google Maps link,RO
UMAR-462DC5A7,200,SHALIMAR PARK CHOUDHRY PARK,,,,No link,RO
UMAR-DADBF8E5,201,SHARKI DHUDHI WALA,"https://www.google.com/maps/place/31%C2%B024'23.1%22N+73%C2%B008'21.9%22E/@31.4064263,73.1368439,618m/data=!3m2!1e3!4b1!4m4!3m3!8m2!3d31.4064263!4d73.1394188?hl=en&entry=ttu&g_ep=EgoyMDI0MTIxMS4wIKXMDSoJLDEwMjExMjM0SAFQAw%3D%3D",31.4064263,73.1394188,Place pin in the Google Maps link,RO
UMAR-37EEEE4E,202,SIR SYED TOWN B BLOCK,"https://www.google.com/maps/place/Block+B,+Faisalabad,+Punjab/@31.4089617,73.0765232,618m/data=!3m2!1e3!4b1!4m6!3m5!1s0x392242aff903c1df:0xc4b11b61eb5a223c!8m2!3d31.4089617!4d73.0765232!16s%2Fg%2F11hbnzc696?entry=ttu&g_ep=EgoyMDI0MTIxMS4wIKXMDSoJLDEwMjExMjM0SAFQAw%3D%3D",31.4089617,73.0765232,Place pin in the Google Maps link,RO
UMAR-5939BD21,203,SIR SYED TOWN HAQ BAHO PARK,,,,No link,RO
UMAR-AF63FA94,204,SITARA COLONY,"https://www.google.com/maps/place/31%C2%B022'22.6%22N+73%C2%B002'17.7%22E/@31.3729503,73.0356693,618m/data=!3m2!1e3!4b1!4m4!3m3!8m2!3d31.3729503!4d73.0382442?hl=en&entry=ttu&g_ep=EgoyMDI0MTIxMS4wIKXMDSoJLDEwMjExMjM0SAFQAw%3D%3D",31.3729503,73.0382442,Place pin in the Google Maps link,RO
UMAR-83207707,205,"STAFF TRAINING COLLEGE ","https://www.google.com/maps/place/31%C2%B024'32.9%22N+73%C2%B006'53.4%22E/@31.4091328,73.112244,618m/data=!3m2!1e3!4b1!4m4!3m3!8m2!3d31.4091328!4d73.1148189?hl=en&entry=ttu&g_ep=EgoyMDI0MTIxMS4wIKXMDSoJLDEwMjExMjM0SAFQAw%3D%3D",31.4091328,73.1148189,Place pin in the Google Maps link,RO
UMAR-D3C34607,206,"TALIYAN WALA ","https://www.google.com/maps/place/Talianwala+Rd,+Faisalabad,+Punjab/@31.4228519,73.0080223,618m/data=!3m2!1e3!4b1!4m6!3m5!1s0x3922437032b7ab5f:0xadaea214021ee3ee!8m2!3d31.4228519!4d73.0080223!16s%2Fg%2F11ggzmnpsz?entry=ttu&g_ep=EgoyMDI0MTIxMS4wIKXMDSoJLDEwMjExMjM0SAFQAw%3D%3D",31.4228519,73.0080223,Place pin in the Google Maps link,RO
UMAR-B13A11F6,207,TANDLIAN WALA THQ HOSPITAL,"https://www.google.com/maps/place/31%C2%B002'01.4%22N+73%C2%B007'50.5%22E/@31.0337331,73.1281234,620m/data=!3m2!1e3!4b1!4m4!3m3!8m2!3d31.0337331!4d73.1306983?hl=en&entry=ttu&g_ep=EgoyMDI0MTIxMS4wIKXMDSoJLDEwMjExMjM0SAFQAw%3D%3D",31.0337331,73.1306983,Place pin in the Google Maps link,RO
UMAR-6E44A823,208,"TANDLIAN WALA, RAZA ABAD NEAR RICE SHELER",,,,No link,RO
UMAR-E076F8C9,209,TARIQ ABAD,,,,No link,RO
UMAR-2FB1921F,210,TAYYAB STREET CITY MAMU KANJAN,,,,No link,RO
UMAR-30C1BF51,211,UCHKERA AMEEN PUR ROAD,,,,No link,RO
UMAR-0E3E896F,212,UMER PARK,"https://www.google.com/maps?q=31.438642,73.096131&entry=gps&g_ep=CAESBzI0LjQ5LjYYACCenQoqfiw5NDIyMzI5OSw5NDIxNjQxMyw5NDIxMjQ5Niw5NDIwNzM5NCw5NDIwNzUwNiw5NDIwODUwNiw5NDIxNzUyMyw5NDIxODY1Myw5NDIyODIwNCw5NDIyOTgzOSw5NDIzOTEyNyw0NzA4NzExOCw0NzA4NDM5Myw5NDIxMzIwMEICUEs%3D&shorturl=1",31.438642,73.096131,Dropped pin in the Google Maps link,RO
UMAR-E286735A,213,USMAN PARK MUHALLA GARDEN  NISHATABAD,"https://www.google.com/maps/place/Ashrafabad,+Faisalabad,+Punjab/@31.4574826,73.114589,618m/data=!3m2!1e3!4b1!4m6!3m5!1s0x392269b77490fe2f:0x1a081c7c16a4e11b!8m2!3d31.4574826!4d73.114589!16s%2Fg%2F11g6468lcn?entry=ttu&g_ep=EgoyMDI0MTIxMS4wIKXMDSoJLDEwMjExMjM0SAFQAw%3D%3D",31.4574826,73.114589,Place pin in the Google Maps link,RO
UMAR-2E5D3F39,214,USMANIA MASJID ALTAF GUNJ,"https://www.google.com/maps/place/Ch.+Ghulam+Rasul+Gill+(late)+Park,+Faisalabad,+Punjab/@31.3949032,73.0519199,618m/data=!3m2!1e3!4b1!4m6!3m5!1s0x392242d2ad00e415:0xe1989a37f3a5277c!8m2!3d31.3948775!4d73.0518267!16s%2Fg%2F11bvtfnggb?entry=ttu&g_ep=EgoyMDI0MTIxMS4wIKXMDSoJLDEwMjExMjM0SAFQAw%3D%3D",31.3948775,73.0518267,Place pin in the Google Maps link,RO
UMAR-14FCFF78,215,USMANIA PARK SILYWALI GROUND,"https://www.google.com/maps/place/31%C2%B023'31.0%22N+73%C2%B004'05.6%22E/@31.3919314,73.0656562,618m/data=!3m2!1e3!4b1!4m4!3m3!8m2!3d31.3919314!4d73.0682311?hl=en&entry=ttu&g_ep=EgoyMDI0MTIxMS4wIKXMDSoJLDEwMjExMjM0SAFQAw%3D%3D",31.3919314,73.0682311,Place pin in the Google Maps link,RO
UMAR-BBEE41BF,216,WASA TENKI GM ABAD,"https://www.google.com/maps/place/Ayub+Rd,+Block+B+Ghulam+Muhammad+Abad,+Faisalabad,+Punjab/@31.4379356,73.043334,520m/data=!3m1!1e3!4m6!3m5!1s0x392242557fd4684d:0x70e1eda47d5890d0!8m2!3d31.4379931!4d73.043293!16s%2Fg%2F11f3wcxl38?entry=ttu&g_ep=EgoyMDI0MTIxMS4wIKXMDSoJLDEwMjExMjM0SAFQAw%3D%3D",31.4379931,73.043293,Place pin in the Google Maps link,RO
UMAR-20938796,217,KAMAL ABAD,,,,No link,RO
UMAR-82F67109,218,KHYABAN Y GARDEN MASJID FIZAN Y ISHQ Y RASOOL,,,,No link,RO
UMAR-1A00F2B2,219,AL FATH MASJID GANISH MILL MARKEET,,,,No link,RO
UMAR-E8D6FC13,220,CIVIL HOSPITAL JARRANWALA,,,,No link,RO
UMAR-33972DE3,221,"GOVT HIGH SCHOOL 224 RB D TYPE SAMUNDRI ROAD ",,,,No link,RO
